#0 building with "default" instance using docker driver

#1 [internal] load build definition from cuda.Dockerfile
#1 transferring dockerfile: 3.83kB done
#1 DONE 0.0s

#2 [internal] load metadata for docker.io/nvidia/cuda:12.8.1-devel-ubuntu24.04
#2 ...

#3 [internal] load metadata for docker.io/nvidia/cuda:12.8.1-runtime-ubuntu24.04
#3 DONE 0.4s

#2 [internal] load metadata for docker.io/nvidia/cuda:12.8.1-devel-ubuntu24.04
#2 DONE 0.4s

#4 [internal] load metadata for docker.io/library/node:24
#4 DONE 0.4s

#5 [internal] load .dockerignore
#5 transferring context: 303B done
#5 DONE 0.0s

#6 [web 1/6] FROM docker.io/library/node:24@sha256:64af3819f9275802414d7cdc38c27e9d82bd564dec4d4da87d008255d36c63b4
#6 DONE 0.0s

#7 [base 1/3] FROM docker.io/nvidia/cuda:12.8.1-runtime-ubuntu24.04@sha256:ebef3c171eeef0298e4eb2e4be843105edf3b8b0ac45e0b43acee358e8046867
#7 DONE 0.0s

#8 [build 1/8] FROM docker.io/nvidia/cuda:12.8.1-devel-ubuntu24.04@sha256:520292dbb4f755fd360766059e62956e9379485d9e073bbd2f6e3c20c270ed66
#8 DONE 0.0s

#9 [internal] load build context
#9 transferring context: 105.16MB 0.4s done
#9 DONE 0.4s

#10 [build 2/8] RUN apt-get update &&     apt-get install -y gcc-14 g++-14 build-essential cmake python3 python3-pip git libssl-dev libgomp1
#10 CACHED

#11 [build 3/8] WORKDIR /app
#11 CACHED

#12 [web 2/6] WORKDIR /app/tools/ui
#12 CACHED

#13 [web 5/6] COPY tools/ui/ ./
#13 CACHED

#14 [web 3/6] COPY tools/ui/package.json tools/ui/package-lock.json ./
#14 CACHED

#15 [web 4/6] RUN npm ci
#15 CACHED

#16 [web 6/6] RUN LLAMA_BUILD_NUMBER="N/A" npm run build
#16 CACHED

#17 [build 4/8] COPY . .
#17 DONE 0.5s

#18 [build 5/8] COPY --from=web /app/tools/ui/dist tools/ui/dist
#18 DONE 0.0s

#19 [build 6/8] RUN if [ "86" != "default" ]; then     export CMAKE_ARGS="-DCMAKE_CUDA_ARCHITECTURES=86";     fi &&     cmake -B build -DGGML_NATIVE=OFF -DGGML_CUDA=ON -DGGML_BACKEND_DL=ON -DGGML_CPU_ALL_VARIANTS=ON -DLLAMA_BUILD_TESTS=OFF ${CMAKE_ARGS} -DCMAKE_EXE_LINKER_FLAGS=-Wl,--allow-shlib-undefined . &&     cmake --build build --config Release -j$(nproc)
#19 0.163 -- The C compiler identification is GNU 14.2.0
#19 0.211 -- The CXX compiler identification is GNU 14.2.0
#19 0.223 -- Detecting C compiler ABI info
#19 0.291 -- Detecting C compiler ABI info - done
#19 0.299 -- Check for working C compiler: /usr/bin/gcc-14 - skipped
#19 0.299 -- Detecting C compile features
#19 0.299 -- Detecting C compile features - done
#19 0.306 -- Detecting CXX compiler ABI info
#19 0.384 -- Detecting CXX compiler ABI info - done
#19 0.393 -- Check for working CXX compiler: /usr/bin/g++-14 - skipped
#19 0.393 -- Detecting CXX compile features
#19 0.393 -- Detecting CXX compile features - done
#19 0.394 -- llama.cpp version: 0.5.0-dev
#19 0.394 CMAKE_BUILD_TYPE=Release
#19 0.397 -- Found Git: /usr/bin/git (found version "2.43.0") 
#19 0.403 fatal: not a git repository: /home/ubuntu/llamAmpere-v0.4-src/.git/worktrees/-hybrid-diag-worktree-20260930-104945
#19 0.404 fatal: not a git repository: /home/ubuntu/llamAmpere-v0.4-src/.git/worktrees/-hybrid-diag-worktree-20260930-104945
#19 0.411 -- The ASM compiler identification is GNU
#19 0.412 -- Found assembler: /usr/bin/gcc-14
#19 0.421 -- Performing Test CMAKE_HAVE_LIBC_PTHREAD
#19 0.487 -- Performing Test CMAKE_HAVE_LIBC_PTHREAD - Success
#19 0.488 -- Found Threads: TRUE  
#19 0.491 -- Warning: ccache not found - consider installing it for faster compilation or disable this warning with GGML_CCACHE=OFF
#19 0.506 -- CMAKE_SYSTEM_PROCESSOR: x86_64
#19 0.506 -- GGML_SYSTEM_ARCH: x86
#19 0.722 -- Found OpenMP_C: -fopenmp (found version "4.5") 
#19 0.799 -- Found OpenMP_CXX: -fopenmp (found version "4.5") 
#19 0.799 -- Found OpenMP: TRUE (found version "4.5")  
#19 0.800 -- Including CPU backend
#19 0.800 -- x86 detected
#19 0.801 -- Adding CPU backend variant ggml-cpu-x64:  
#19 0.801 -- x86 detected
#19 0.801 -- Adding CPU backend variant ggml-cpu-sse42: -msse4.2 GGML_SSE42
#19 0.801 -- x86 detected
#19 0.802 -- Adding CPU backend variant ggml-cpu-sandybridge: -msse4.2;-mavx GGML_SSE42;GGML_AVX
#19 0.802 -- x86 detected
#19 0.802 -- Adding CPU backend variant ggml-cpu-ivybridge: -msse4.2;-mf16c;-mavx GGML_SSE42;GGML_F16C;GGML_AVX
#19 0.802 -- x86 detected
#19 0.803 -- Adding CPU backend variant ggml-cpu-piledriver: -msse4.2;-mf16c;-mfma;-mavx GGML_SSE42;GGML_F16C;GGML_FMA;GGML_AVX
#19 0.803 -- x86 detected
#19 0.803 -- Adding CPU backend variant ggml-cpu-haswell: -msse4.2;-mf16c;-mfma;-mbmi2;-mavx;-mavx2 GGML_SSE42;GGML_F16C;GGML_FMA;GGML_BMI2;GGML_AVX;GGML_AVX2
#19 0.803 -- x86 detected
#19 0.804 -- Adding CPU backend variant ggml-cpu-skylakex: -msse4.2;-mf16c;-mfma;-mbmi2;-mavx;-mavx2;-mavx512f;-mavx512cd;-mavx512vl;-mavx512dq;-mavx512bw GGML_SSE42;GGML_F16C;GGML_FMA;GGML_BMI2;GGML_AVX;GGML_AVX2;GGML_AVX512
#19 0.804 -- x86 detected
#19 0.804 -- Adding CPU backend variant ggml-cpu-cannonlake: -msse4.2;-mf16c;-mfma;-mbmi2;-mavx;-mavx2;-mavx512f;-mavx512cd;-mavx512vl;-mavx512dq;-mavx512bw;-mavx512vbmi GGML_SSE42;GGML_F16C;GGML_FMA;GGML_BMI2;GGML_AVX;GGML_AVX2;GGML_AVX512;GGML_AVX512_VBMI
#19 0.804 -- x86 detected
#19 0.805 -- Adding CPU backend variant ggml-cpu-cascadelake: -msse4.2;-mf16c;-mfma;-mbmi2;-mavx;-mavx2;-mavx512f;-mavx512cd;-mavx512vl;-mavx512dq;-mavx512bw;-mavx512vnni GGML_SSE42;GGML_F16C;GGML_FMA;GGML_BMI2;GGML_AVX;GGML_AVX2;GGML_AVX512;GGML_AVX512_VNNI
#19 0.805 -- x86 detected
#19 0.805 -- Adding CPU backend variant ggml-cpu-icelake: -msse4.2;-mf16c;-mfma;-mbmi2;-mavx;-mavx2;-mavx512f;-mavx512cd;-mavx512vl;-mavx512dq;-mavx512bw;-mavx512vbmi;-mavx512vnni GGML_SSE42;GGML_F16C;GGML_FMA;GGML_BMI2;GGML_AVX;GGML_AVX2;GGML_AVX512;GGML_AVX512_VBMI;GGML_AVX512_VNNI
#19 0.805 -- x86 detected
#19 0.806 -- Adding CPU backend variant ggml-cpu-cooperlake: -msse4.2;-mf16c;-mfma;-mbmi2;-mavx;-mavx2;-mavx512f;-mavx512cd;-mavx512vl;-mavx512dq;-mavx512bw;-mavx512vnni;-mavx512bf16 GGML_SSE42;GGML_F16C;GGML_FMA;GGML_BMI2;GGML_AVX;GGML_AVX2;GGML_AVX512;GGML_AVX512_VNNI;GGML_AVX512_BF16
#19 0.806 -- x86 detected
#19 0.806 -- Adding CPU backend variant ggml-cpu-zen4: -msse4.2;-mf16c;-mfma;-mbmi2;-mavx;-mavx2;-mavx512f;-mavx512cd;-mavx512vl;-mavx512dq;-mavx512bw;-mavx512vbmi;-mavx512vnni;-mavx512bf16 GGML_SSE42;GGML_F16C;GGML_FMA;GGML_BMI2;GGML_AVX;GGML_AVX2;GGML_AVX512;GGML_AVX512_VBMI;GGML_AVX512_VNNI;GGML_AVX512_BF16
#19 0.807 -- x86 detected
#19 0.807 -- Adding CPU backend variant ggml-cpu-alderlake: -msse4.2;-mf16c;-mfma;-mbmi2;-mavx;-mavx2;-mavxvnni GGML_SSE42;GGML_F16C;GGML_FMA;GGML_BMI2;GGML_AVX;GGML_AVX2;GGML_AVX_VNNI
#19 0.807 -- x86 detected
#19 0.807 -- Adding CPU backend variant ggml-cpu-sapphirerapids: -msse4.2;-mf16c;-mfma;-mbmi2;-mavx;-mavx2;-mavx512f;-mavx512cd;-mavx512vl;-mavx512dq;-mavx512bw;-mavx512vbmi;-mavx512vnni;-mavx512bf16;-mamx-tile;-mamx-int8 GGML_SSE42;GGML_F16C;GGML_FMA;GGML_BMI2;GGML_AVX;GGML_AVX2;GGML_AVX512;GGML_AVX512_VBMI;GGML_AVX512_VNNI;GGML_AVX512_BF16;GGML_AMX_TILE;GGML_AMX_INT8
#19 0.821 -- Found CUDAToolkit: /usr/local/cuda/targets/x86_64-linux/include (found version "12.8.93") 
#19 0.846 -- CUDA Toolkit found
#19 1.640 -- The CUDA compiler identification is NVIDIA 12.8.93
#19 1.647 -- Detecting CUDA compiler ABI info
#19 2.444 -- Detecting CUDA compiler ABI info - done
#19 2.471 -- Check for working CUDA compiler: /usr/local/cuda/bin/nvcc - skipped
#19 2.473 -- Detecting CUDA compile features
#19 2.474 -- Detecting CUDA compile features - done
#19 2.475 -- Using CMAKE_CUDA_ARCHITECTURES=86 CMAKE_CUDA_ARCHITECTURES_NATIVE=No CUDA devices found.-real
#19 2.477 -- FlashAttention K-V type combinations: f16-f16;q4_0-q4_0;q8_0-q8_0;bf16-bf16;f16-q8_0;q8_0-f16;bf16-q8_0;q8_0-bf16;turbo2_0-turbo2_0;turbo2_0-q8_0;q8_0-turbo2_0;f16-turbo2_0;turbo2_0-f16;turbo2_0-turbo3_0;turbo2_0-turbo4_0;turbo3_0-turbo3_0;turbo3_0-q8_0;q8_0-turbo3_0;f16-turbo3_0;turbo3_0-f16;turbo3_0-turbo2_0;turbo3_0-turbo4_0;turbo4_0-turbo4_0;turbo4_0-q8_0;q8_0-turbo4_0;f16-turbo4_0;turbo4_0-f16;turbo4_0-turbo2_0;turbo4_0-turbo3_0;tq6_0-tq6_0;tq6_0-turbo3_0;tq6_0-q8_0;tq6_0-f16;q8_0-tq6_0;f16-tq6_0;tq5_0-tq5_0;tq5_0-turbo3_0;tq5_0-q8_0;tq5_0-f16;q8_0-tq5_0;f16-tq5_0
#19 2.481 -- Found NCCL: /usr/lib/x86_64-linux-gnu/libnccl.so  
#19 2.506 -- CUDA host compiler is GNU 14.2.0
#19 2.506 -- Including CUDA backend
#19 2.511 -- ggml version: 0.25.3
#19 2.511 -- ggml commit:  unknown
#19 2.520 -- Found OpenSSL: /usr/lib/x86_64-linux-gnu/libcrypto.so (found version "3.0.13")  
#19 2.521 -- Performing Test OPENSSL_VERSION_SUPPORTED
#19 2.583 -- Performing Test OPENSSL_VERSION_SUPPORTED - Success
#19 2.583 -- OpenSSL found: 3.0.13
#19 2.585 CMake Warning at common/CMakeLists.txt:30 (message):
#19 2.585   Git index not found in git repository.
#19 2.585 
#19 2.585 
#19 2.607 -- Generating embedded license file for target: llama-app
#19 2.612 -- Configuring done (2.5s)
#19 2.824 -- Generating done (0.2s)
#19 2.834 -- Build files have been written to: /app/build
#19 2.883 [  1%] Building CXX object ggml/src/CMakeFiles/ggml-cpu-x64-feats.dir/ggml-cpu/arch/x86/cpu-feats.cpp.o
#19 2.883 [  1%] Building C object ggml/src/CMakeFiles/ggml-base.dir/ggml.c.o
#19 2.883 [  1%] Building CXX object ggml/src/CMakeFiles/ggml-base.dir/ggml.cpp.o
#19 2.883 [  2%] Building C object ggml/src/CMakeFiles/ggml-base.dir/ggml-alloc.c.o
#19 2.884 [  2%] Building CXX object ggml/src/CMakeFiles/ggml-cpu-piledriver-feats.dir/ggml-cpu/arch/x86/cpu-feats.cpp.o
#19 2.884 [  2%] Building CXX object ggml/src/CMakeFiles/ggml-base.dir/ggml-backend.cpp.o
#19 2.884 [  2%] Building CXX object ggml/src/CMakeFiles/ggml-base.dir/ggml-backend-meta.cpp.o
#19 2.884 [  2%] Building CXX object ggml/src/CMakeFiles/ggml-base.dir/ggml-ledger.cpp.o
#19 2.884 [  2%] Building CXX object ggml/src/CMakeFiles/ggml-cpu-skylakex-feats.dir/ggml-cpu/arch/x86/cpu-feats.cpp.o
#19 2.884 [  2%] Building CXX object ggml/src/CMakeFiles/ggml-base.dir/ggml-opt.cpp.o
#19 2.884 [  2%] Building CXX object ggml/src/CMakeFiles/ggml-cpu-sandybridge-feats.dir/ggml-cpu/arch/x86/cpu-feats.cpp.o
#19 2.884 [  2%] Building CXX object ggml/src/CMakeFiles/ggml-cpu-sse42-feats.dir/ggml-cpu/arch/x86/cpu-feats.cpp.o
#19 2.884 [  3%] Building CXX object ggml/src/CMakeFiles/ggml-base.dir/ggml-threading.cpp.o
#19 2.884 [  3%] Building CXX object ggml/src/CMakeFiles/ggml-cpu-haswell-feats.dir/ggml-cpu/arch/x86/cpu-feats.cpp.o
#19 2.884 [  3%] Building CXX object ggml/src/CMakeFiles/ggml-cpu-cascadelake-feats.dir/ggml-cpu/arch/x86/cpu-feats.cpp.o
#19 2.884 [  3%] Building CXX object ggml/src/CMakeFiles/ggml-cpu-ivybridge-feats.dir/ggml-cpu/arch/x86/cpu-feats.cpp.o
#19 2.888 [  3%] Building CXX object ggml/src/CMakeFiles/ggml-cpu-cannonlake-feats.dir/ggml-cpu/arch/x86/cpu-feats.cpp.o
#19 2.888 [  3%] Building CXX object ggml/src/CMakeFiles/ggml-cpu-zen4-feats.dir/ggml-cpu/arch/x86/cpu-feats.cpp.o
#19 2.889 [  3%] Building CXX object ggml/src/CMakeFiles/ggml-cpu-cooperlake-feats.dir/ggml-cpu/arch/x86/cpu-feats.cpp.o
#19 2.889 [  3%] Building CXX object ggml/src/CMakeFiles/ggml-cpu-icelake-feats.dir/ggml-cpu/arch/x86/cpu-feats.cpp.o
#19 2.889 [  3%] Building CXX object ggml/src/CMakeFiles/ggml-cpu-alderlake-feats.dir/ggml-cpu/arch/x86/cpu-feats.cpp.o
#19 2.890 [  3%] Building CXX object ggml/src/CMakeFiles/ggml-cpu-sapphirerapids-feats.dir/ggml-cpu/arch/x86/cpu-feats.cpp.o
#19 2.890 [  4%] Building CXX object vendor/cpp-httplib/CMakeFiles/cpp-httplib.dir/httplib.cpp.o
#19 2.890 [  4%] Building CXX object vendor/hash/CMakeFiles/vendor-hash.dir/hash.cpp.o
#19 2.890 [  4%] Building CXX object common/CMakeFiles/llama-common-base.dir/build-info.cpp.o
#19 2.890 [  4%] Building CXX object tools/mtmd/CMakeFiles/llama-llava-cli.dir/deprecation-warning.cpp.o
#19 2.890 [  4%] Building CXX object tools/mtmd/CMakeFiles/llama-gemma3-cli.dir/deprecation-warning.cpp.o
#19 2.890 [  4%] Building CXX object tools/mtmd/CMakeFiles/llama-qwen2vl-cli.dir/deprecation-warning.cpp.o
#19 2.890 [  4%] Provisioning UI assets
#19 2.890 [  4%] Building CXX object tools/mtmd/CMakeFiles/llama-minicpmv-cli.dir/deprecation-warning.cpp.o
#19 2.899 -- UI: using pre-built assets from /app/tools/ui/dist
#19 3.003 [  4%] Building C object ggml/src/CMakeFiles/ggml-base.dir/ggml-quants.c.o
#19 3.098 [  4%] Building C object vendor/hash/CMakeFiles/vendor-hash.dir/xxhash/xxhash.c.o
#19 3.106 [  5%] Linking CXX executable ../../bin/llama-gemma3-cli
#19 3.107 [  5%] Linking CXX executable ../../bin/llama-llava-cli
#19 3.107 [  5%] Linking CXX executable ../../bin/llama-minicpmv-cli
#19 3.112 [  5%] Linking CXX executable ../../bin/llama-qwen2vl-cli
#19 3.132 [  5%] Building C object ggml/src/CMakeFiles/ggml-base.dir/ggml-turbo-quant.c.o
#19 3.132 [  5%] Linking CXX static library libllama-common-base.a
#19 3.161 [  5%] Built target llama-common-base
#19 3.169 [  6%] Building CXX object ggml/src/CMakeFiles/ggml-base.dir/gguf.cpp.o
#19 3.176 [  6%] Built target llama-llava-cli
#19 3.178 [  6%] Built target llama-gemma3-cli
#19 3.180 [  6%] Built target llama-qwen2vl-cli
#19 3.180 [  6%] Built target llama-minicpmv-cli
#19 3.184 [  6%] Building CXX object vendor/hash/CMakeFiles/vendor-hash.dir/sha1/sha1.c.o
#19 3.187 [  6%] Building C object vendor/hash/CMakeFiles/vendor-hash.dir/sha256/sha256.c.o
#19 3.188 [  6%] Built target ggml-cpu-x64-feats
#19 3.194 [  6%] Built target ggml-cpu-sse42-feats
#19 3.195 [  6%] Built target ggml-cpu-sandybridge-feats
#19 3.196 [  6%] Built target ggml-cpu-haswell-feats
#19 3.198 [  6%] Built target ggml-cpu-ivybridge-feats
#19 3.198 [  6%] Built target ggml-cpu-cascadelake-feats
#19 3.199 [  6%] Built target ggml-cpu-piledriver-feats
#19 3.204 [  6%] Built target ggml-cpu-cannonlake-feats
#19 3.206 [  6%] Built target ggml-cpu-zen4-feats
#19 3.206 [  6%] Built target ggml-cpu-alderlake-feats
#19 3.213 [  6%] Built target ggml-cpu-icelake-feats
#19 3.217 [  6%] Built target ggml-cpu-cooperlake-feats
#19 3.217 [  6%] Built target ggml-cpu-sapphirerapids-feats
#19 3.218 -- UI: gzip compression applied (/app/build/tools/ui/ui-gzip/_gzip)
#19 3.223 [  6%] Built target ggml-cpu-skylakex-feats
#19 4.044 [  7%] Linking CXX static library libvendor-hash.a
#19 4.069 [  7%] Built target vendor-hash
#19 6.577 -- UI: embedded 70 assets
#19 6.587 [  7%] Built target llama-ui-assets
#19 6.602 [  7%] Building CXX object tools/ui/CMakeFiles/llama-ui.dir/ui.cpp.o
#19 9.094 [  7%] Linking CXX shared library ../../bin/libggml-base.so
#19 9.178 [  7%] Built target ggml-base
#19 9.195 [  7%] Building C object ggml/src/CMakeFiles/ggml-cpu-x64.dir/ggml-cpu/ggml-cpu.c.o
#19 9.195 [  7%] Building CXX object ggml/src/CMakeFiles/ggml-cpu-x64.dir/ggml-cpu/ggml-cpu.cpp.o
#19 9.197 [  8%] Building CXX object ggml/src/CMakeFiles/ggml-cpu-x64.dir/ggml-cpu/repack.cpp.o
#19 9.197 [  8%] Building C object ggml/src/CMakeFiles/ggml-cpu-sandybridge.dir/ggml-cpu/ggml-cpu.c.o
#19 9.197 [  8%] Building CXX object ggml/src/CMakeFiles/ggml-cpu-x64.dir/ggml-cpu/iqp.cpp.o
#19 9.197 [  8%] Building CXX object ggml/src/CMakeFiles/ggml-cpu-sandybridge.dir/ggml-cpu/ggml-cpu.cpp.o
#19 9.197 [  8%] Building CXX object ggml/src/CMakeFiles/ggml-cpu-sandybridge.dir/ggml-cpu/repack.cpp.o
#19 9.197 [  8%] Building CXX object ggml/src/CMakeFiles/ggml-cpu-x64.dir/ggml-cpu/hbm.cpp.o
#19 9.197 [  8%] Building CXX object ggml/src/CMakeFiles/ggml-cpu-sse42.dir/ggml-cpu/ggml-cpu.cpp.o
#19 9.197 [  8%] Building C object ggml/src/CMakeFiles/ggml-cpu-haswell.dir/ggml-cpu/ggml-cpu.c.o
#19 9.197 [  8%] Building CXX object ggml/src/CMakeFiles/ggml-cpu-sandybridge.dir/ggml-cpu/iqp.cpp.o
#19 9.198 [  8%] Building C object ggml/src/CMakeFiles/ggml-cpu-x64.dir/ggml-cpu/quants.c.o
#19 9.198 [  8%] Building CXX object ggml/src/CMakeFiles/ggml-cpu-sandybridge.dir/ggml-cpu/hbm.cpp.o
#19 9.198 [  9%] Building C object ggml/src/CMakeFiles/ggml-cpu-sandybridge.dir/ggml-cpu/quants.c.o
#19 9.198 [  9%] Building CXX object ggml/src/CMakeFiles/ggml-cpu-x64.dir/ggml-cpu/traits.cpp.o
#19 9.198 [  9%] Building CXX object ggml/src/CMakeFiles/ggml-cpu-sandybridge.dir/ggml-cpu/traits.cpp.o
#19 9.198 [  9%] Building C object ggml/src/CMakeFiles/ggml-cpu-piledriver.dir/ggml-cpu/ggml-cpu.c.o
#19 9.198 [ 10%] Building C object ggml/src/CMakeFiles/ggml-cpu-cascadelake.dir/ggml-cpu/ggml-cpu.c.o
#19 9.198 [ 10%] Building C object ggml/src/CMakeFiles/ggml-cpu-cooperlake.dir/ggml-cpu/ggml-cpu.c.o
#19 9.198 [ 10%] Building C object ggml/src/CMakeFiles/ggml-cpu-cannonlake.dir/ggml-cpu/ggml-cpu.c.o
#19 9.198 [ 10%] Building C object ggml/src/CMakeFiles/ggml-cpu-sse42.dir/ggml-cpu/ggml-cpu.c.o
#19 9.199 [ 10%] Building C object ggml/src/CMakeFiles/ggml-cpu-ivybridge.dir/ggml-cpu/ggml-cpu.c.o
#19 9.199 [ 10%] Building C object ggml/src/CMakeFiles/ggml-cpu-icelake.dir/ggml-cpu/ggml-cpu.c.o
#19 9.200 [ 11%] Building C object ggml/src/CMakeFiles/ggml-cpu-skylakex.dir/ggml-cpu/ggml-cpu.c.o
#19 9.202 [ 11%] Building C object ggml/src/CMakeFiles/ggml-cpu-zen4.dir/ggml-cpu/ggml-cpu.c.o
#19 9.202 [ 11%] Building C object ggml/src/CMakeFiles/ggml-cpu-alderlake.dir/ggml-cpu/ggml-cpu.c.o
#19 9.203 [ 11%] Building C object ggml/src/CMakeFiles/ggml-cpu-sapphirerapids.dir/ggml-cpu/ggml-cpu.c.o
#19 9.209 [ 11%] Building CUDA object ggml/src/ggml-cuda/CMakeFiles/ggml-cuda.dir/acc.cu.o
#19 9.217 [ 11%] Building CXX object ggml/src/CMakeFiles/ggml-cpu-cannonlake.dir/ggml-cpu/ggml-cpu.cpp.o
#19 9.224 [ 11%] Building CXX object ggml/src/CMakeFiles/ggml-cpu-icelake.dir/ggml-cpu/ggml-cpu.cpp.o
#19 9.952 [ 11%] Building CXX object ggml/src/CMakeFiles/ggml-cpu-sandybridge.dir/ggml-cpu/amx/amx.cpp.o
#19 9.962 [ 11%] Building CXX object ggml/src/CMakeFiles/ggml-cpu-sandybridge.dir/ggml-cpu/amx/mmq.cpp.o
#19 10.27 [ 11%] Building CXX object ggml/src/CMakeFiles/ggml-cpu-sandybridge.dir/ggml-cpu/binary-ops.cpp.o
#19 10.27 [ 11%] Building CXX object ggml/src/CMakeFiles/ggml-cpu-sandybridge.dir/ggml-cpu/unary-ops.cpp.o
#19 10.30 [ 11%] Building CXX object ggml/src/CMakeFiles/ggml-cpu-sandybridge.dir/ggml-cpu/vec.cpp.o
#19 10.30 [ 11%] Building CXX object ggml/src/CMakeFiles/ggml-cpu-haswell.dir/ggml-cpu/ggml-cpu.cpp.o
#19 10.31 [ 12%] Building CXX object ggml/src/CMakeFiles/ggml-cpu-haswell.dir/ggml-cpu/repack.cpp.o
#19 10.65 [ 13%] Linking CXX static library libllama-ui.a
#19 10.69 [ 13%] Built target llama-ui
#19 10.70 [ 13%] Building CXX object ggml/src/CMakeFiles/ggml-cpu-haswell.dir/ggml-cpu/iqp.cpp.o
#19 10.75 [ 13%] Building CXX object ggml/src/CMakeFiles/ggml-cpu-sse42.dir/ggml-cpu/repack.cpp.o
#19 10.76 [ 13%] Building CXX object ggml/src/CMakeFiles/ggml-cpu-sse42.dir/ggml-cpu/iqp.cpp.o
#19 10.78 [ 13%] Building CXX object ggml/src/CMakeFiles/ggml-cpu-sse42.dir/ggml-cpu/hbm.cpp.o
#19 10.79 [ 14%] Building C object ggml/src/CMakeFiles/ggml-cpu-sse42.dir/ggml-cpu/quants.c.o
#19 10.80 [ 14%] Building CXX object ggml/src/CMakeFiles/ggml-cpu-sse42.dir/ggml-cpu/traits.cpp.o
#19 10.81 [ 14%] Building CXX object ggml/src/CMakeFiles/ggml-cpu-sse42.dir/ggml-cpu/amx/amx.cpp.o
#19 10.82 [ 15%] Building CXX object ggml/src/CMakeFiles/ggml-cpu-piledriver.dir/ggml-cpu/ggml-cpu.cpp.o
#19 10.82 [ 15%] Building CXX object ggml/src/CMakeFiles/ggml-cpu-ivybridge.dir/ggml-cpu/ggml-cpu.cpp.o
#19 10.82 [ 15%] Building CXX object ggml/src/CMakeFiles/ggml-cpu-sse42.dir/ggml-cpu/amx/mmq.cpp.o
#19 10.85 [ 15%] Building CXX object ggml/src/CMakeFiles/ggml-cpu-alderlake.dir/ggml-cpu/ggml-cpu.cpp.o
#19 10.85 [ 15%] Building CXX object ggml/src/CMakeFiles/ggml-cpu-alderlake.dir/ggml-cpu/repack.cpp.o
#19 10.87 [ 16%] Building CXX object ggml/src/CMakeFiles/ggml-cpu-cannonlake.dir/ggml-cpu/repack.cpp.o
#19 10.87 [ 16%] Building CXX object ggml/src/CMakeFiles/ggml-cpu-cascadelake.dir/ggml-cpu/ggml-cpu.cpp.o
#19 10.87 [ 16%] Building CXX object ggml/src/CMakeFiles/ggml-cpu-cooperlake.dir/ggml-cpu/ggml-cpu.cpp.o
#19 10.87 [ 16%] Building CXX object ggml/src/CMakeFiles/ggml-cpu-cannonlake.dir/ggml-cpu/iqp.cpp.o
#19 10.87 [ 16%] Building CXX object ggml/src/CMakeFiles/ggml-cpu-sapphirerapids.dir/ggml-cpu/ggml-cpu.cpp.o
#19 10.88 [ 16%] Building CXX object ggml/src/CMakeFiles/ggml-cpu-zen4.dir/ggml-cpu/ggml-cpu.cpp.o
#19 10.90 [ 16%] Building CXX object ggml/src/CMakeFiles/ggml-cpu-icelake.dir/ggml-cpu/repack.cpp.o
#19 10.95 [ 16%] Building CXX object ggml/src/CMakeFiles/ggml-cpu-sse42.dir/ggml-cpu/binary-ops.cpp.o
#19 10.98 [ 16%] Building CXX object ggml/src/CMakeFiles/ggml-cpu-piledriver.dir/ggml-cpu/repack.cpp.o
#19 11.00 [ 16%] Building CXX object ggml/src/CMakeFiles/ggml-cpu-skylakex.dir/ggml-cpu/ggml-cpu.cpp.o
#19 11.19 [ 16%] Building CXX object ggml/src/CMakeFiles/ggml-cpu-alderlake.dir/ggml-cpu/iqp.cpp.o
#19 11.42 [ 16%] Building CXX object ggml/src/CMakeFiles/ggml-cpu-x64.dir/ggml-cpu/amx/amx.cpp.o
#19 11.58 [ 16%] Building CXX object ggml/src/CMakeFiles/ggml-cpu-cannonlake.dir/ggml-cpu/hbm.cpp.o
#19 11.60 [ 16%] Building CXX object ggml/src/CMakeFiles/ggml-cpu-piledriver.dir/ggml-cpu/iqp.cpp.o
#19 11.65 [ 16%] Building CXX object ggml/src/CMakeFiles/ggml-cpu-piledriver.dir/ggml-cpu/hbm.cpp.o
#19 11.67 [ 16%] Building C object ggml/src/CMakeFiles/ggml-cpu-cannonlake.dir/ggml-cpu/quants.c.o
#19 11.67 [ 16%] Building CXX object ggml/src/CMakeFiles/ggml-cpu-cannonlake.dir/ggml-cpu/traits.cpp.o
#19 11.94 [ 16%] Building CXX object ggml/src/CMakeFiles/ggml-cpu-cooperlake.dir/ggml-cpu/repack.cpp.o
#19 11.94 [ 16%] Building CXX object ggml/src/CMakeFiles/ggml-cpu-sapphirerapids.dir/ggml-cpu/repack.cpp.o
#19 11.95 [ 16%] Building CXX object ggml/src/CMakeFiles/ggml-cpu-cooperlake.dir/ggml-cpu/iqp.cpp.o
#19 11.95 [ 16%] Building CXX object ggml/src/CMakeFiles/ggml-cpu-zen4.dir/ggml-cpu/repack.cpp.o
#19 11.96 [ 16%] Building CXX object ggml/src/CMakeFiles/ggml-cpu-cascadelake.dir/ggml-cpu/repack.cpp.o
#19 11.97 [ 16%] Building CXX object ggml/src/CMakeFiles/ggml-cpu-cascadelake.dir/ggml-cpu/iqp.cpp.o
#19 11.97 [ 16%] Building CXX object ggml/src/CMakeFiles/ggml-cpu-ivybridge.dir/ggml-cpu/repack.cpp.o
#19 11.98 [ 17%] Building CXX object ggml/src/CMakeFiles/ggml-cpu-cooperlake.dir/ggml-cpu/hbm.cpp.o
#19 12.00 [ 17%] Building C object ggml/src/CMakeFiles/ggml-cpu-cooperlake.dir/ggml-cpu/quants.c.o
#19 12.09 [ 17%] Building CXX object ggml/src/CMakeFiles/ggml-cpu-x64.dir/ggml-cpu/amx/mmq.cpp.o
#19 12.17 [ 17%] Building CXX object ggml/src/CMakeFiles/ggml-cpu-skylakex.dir/ggml-cpu/repack.cpp.o
#19 12.28 [ 17%] Building CXX object ggml/src/CMakeFiles/ggml-cpu-haswell.dir/ggml-cpu/hbm.cpp.o
#19 12.28 [ 17%] Building C object ggml/src/CMakeFiles/ggml-cpu-haswell.dir/ggml-cpu/quants.c.o
#19 12.30 [ 17%] Building CXX object ggml/src/CMakeFiles/ggml-cpu-sse42.dir/ggml-cpu/unary-ops.cpp.o
#19 12.39 [ 17%] Building CXX object ggml/src/CMakeFiles/ggml-cpu-sse42.dir/ggml-cpu/vec.cpp.o
#19 12.41 [ 18%] Building CXX object ggml/src/CMakeFiles/ggml-cpu-sse42.dir/ggml-cpu/ops.cpp.o
#19 12.48 [ 18%] Building CXX object ggml/src/CMakeFiles/ggml-cpu-skylakex.dir/ggml-cpu/iqp.cpp.o
#19 12.55 [ 18%] Building CXX object ggml/src/CMakeFiles/ggml-cpu-skylakex.dir/ggml-cpu/hbm.cpp.o
#19 12.57 [ 18%] Building CXX object ggml/src/CMakeFiles/ggml-cpu-cannonlake.dir/ggml-cpu/amx/amx.cpp.o
#19 12.72 [ 18%] Building CUDA object ggml/src/ggml-cuda/CMakeFiles/ggml-cuda.dir/add-id.cu.o
#19 12.95 [ 18%] Building CXX object ggml/src/CMakeFiles/ggml-cpu-cannonlake.dir/ggml-cpu/amx/mmq.cpp.o
#19 12.95 [ 18%] Building C object ggml/src/CMakeFiles/ggml-cpu-piledriver.dir/ggml-cpu/quants.c.o
#19 13.11 [ 18%] Building CXX object ggml/src/CMakeFiles/ggml-cpu-icelake.dir/ggml-cpu/iqp.cpp.o
#19 13.15 [ 18%] Building CXX object ggml/src/CMakeFiles/ggml-cpu-icelake.dir/ggml-cpu/hbm.cpp.o
#19 13.17 [ 18%] Building CXX object ggml/src/CMakeFiles/ggml-cpu-sse42.dir/ggml-cpu/llamafile/sgemm.cpp.o
#19 13.23 [ 18%] Building CXX object ggml/src/CMakeFiles/ggml-cpu-alderlake.dir/ggml-cpu/hbm.cpp.o
#19 13.24 [ 19%] Building CXX object ggml/src/CMakeFiles/ggml-cpu-x64.dir/ggml-cpu/binary-ops.cpp.o
#19 13.25 /app/ggml/src/ggml-cpu/ops.cpp: In function 'void ggml_compute_forward_clamp(const ggml_compute_params*, ggml_tensor*)':
#19 13.25 /app/ggml/src/ggml-cpu/ops.cpp:5949:12: warning: enumeration value 'GGML_TYPE_EXL3_2' not handled in switch [-Wswitch]
#19 13.25  5949 |     switch (src0->type) {
#19 13.25       |            ^
#19 13.25 /app/ggml/src/ggml-cpu/ops.cpp:5949:12: warning: enumeration value 'GGML_TYPE_EXL3_3' not handled in switch [-Wswitch]
#19 13.25 /app/ggml/src/ggml-cpu/ops.cpp:5949:12: warning: enumeration value 'GGML_TYPE_EXL3_4' not handled in switch [-Wswitch]
#19 13.25 /app/ggml/src/ggml-cpu/ops.cpp:5949:12: warning: enumeration value 'GGML_TYPE_EXL3_5' not handled in switch [-Wswitch]
#19 13.25 /app/ggml/src/ggml-cpu/ops.cpp:5949:12: warning: enumeration value 'GGML_TYPE_EXL3_6' not handled in switch [-Wswitch]
#19 13.25 /app/ggml/src/ggml-cpu/ops.cpp:5949:12: warning: enumeration value 'GGML_TYPE_EXL3_7' not handled in switch [-Wswitch]
#19 13.25 /app/ggml/src/ggml-cpu/ops.cpp:5949:12: warning: enumeration value 'GGML_TYPE_EXL3_8' not handled in switch [-Wswitch]
#19 13.30 [ 19%] Building CXX object ggml/src/CMakeFiles/ggml-cpu-x64.dir/ggml-cpu/unary-ops.cpp.o
#19 13.35 [ 19%] Building CXX object ggml/src/CMakeFiles/ggml-cpu-ivybridge.dir/ggml-cpu/iqp.cpp.o
#19 13.36 [ 19%] Building CXX object ggml/src/CMakeFiles/ggml-cpu-cannonlake.dir/ggml-cpu/binary-ops.cpp.o
#19 13.40 [ 20%] Building CXX object ggml/src/CMakeFiles/ggml-cpu-cannonlake.dir/ggml-cpu/unary-ops.cpp.o
#19 13.63 [ 20%] Building CXX object ggml/src/CMakeFiles/ggml-cpu-cannonlake.dir/ggml-cpu/vec.cpp.o
#19 13.71 [ 20%] Building CXX object ggml/src/CMakeFiles/ggml-cpu-piledriver.dir/ggml-cpu/traits.cpp.o
#19 13.75 [ 21%] Building CXX object ggml/src/CMakeFiles/ggml-cpu-sapphirerapids.dir/ggml-cpu/iqp.cpp.o
#19 13.96 [ 21%] Building CXX object ggml/src/CMakeFiles/ggml-cpu-cascadelake.dir/ggml-cpu/hbm.cpp.o
#19 13.97 [ 21%] Building CXX object ggml/src/CMakeFiles/ggml-cpu-sapphirerapids.dir/ggml-cpu/hbm.cpp.o
#19 13.98 [ 21%] Building C object ggml/src/CMakeFiles/ggml-cpu-sapphirerapids.dir/ggml-cpu/quants.c.o
#19 13.98 [ 21%] Building CXX object ggml/src/CMakeFiles/ggml-cpu-sapphirerapids.dir/ggml-cpu/traits.cpp.o
#19 14.28 [ 21%] Building CXX object ggml/src/CMakeFiles/ggml-cpu-sapphirerapids.dir/ggml-cpu/amx/amx.cpp.o
#19 14.47 [ 21%] Building CXX object ggml/src/CMakeFiles/ggml-cpu-sapphirerapids.dir/ggml-cpu/amx/mmq.cpp.o
#19 14.49 [ 21%] Building CXX object ggml/src/CMakeFiles/ggml-cpu-sapphirerapids.dir/ggml-cpu/binary-ops.cpp.o
#19 14.71 [ 22%] Building CXX object ggml/src/CMakeFiles/ggml-cpu-sapphirerapids.dir/ggml-cpu/unary-ops.cpp.o
#19 14.71 [ 22%] Building CXX object ggml/src/CMakeFiles/ggml-cpu-sapphirerapids.dir/ggml-cpu/vec.cpp.o
#19 14.92 [ 22%] Building CXX object ggml/src/CMakeFiles/ggml-cpu-sapphirerapids.dir/ggml-cpu/ops.cpp.o
#19 15.11 [ 22%] Building C object ggml/src/CMakeFiles/ggml-cpu-skylakex.dir/ggml-cpu/quants.c.o
#19 15.16 [ 22%] Building CXX object ggml/src/CMakeFiles/ggml-cpu-x64.dir/ggml-cpu/vec.cpp.o
#19 15.25 [ 22%] Building CXX object ggml/src/CMakeFiles/ggml-cpu-x64.dir/ggml-cpu/ops.cpp.o
#19 15.27 [ 22%] Building CXX object ggml/src/CMakeFiles/ggml-cpu-zen4.dir/ggml-cpu/iqp.cpp.o
#19 15.57 [ 22%] Building CXX object ggml/src/CMakeFiles/ggml-cpu-zen4.dir/ggml-cpu/hbm.cpp.o
#19 15.59 [ 22%] Building CUDA object ggml/src/ggml-cuda/CMakeFiles/ggml-cuda.dir/allreduce.cu.o
#19 15.63 [ 22%] Building CXX object ggml/src/CMakeFiles/ggml-cpu-sandybridge.dir/ggml-cpu/ops.cpp.o
#19 15.70 /app/ggml/src/ggml-cpu/ops.cpp: In function 'void ggml_compute_forward_clamp(const ggml_compute_params*, ggml_tensor*)':
#19 15.70 /app/ggml/src/ggml-cpu/ops.cpp:5949:12: warning: enumeration value 'GGML_TYPE_EXL3_2' not handled in switch [-Wswitch]
#19 15.70  5949 |     switch (src0->type) {
#19 15.70       |            ^
#19 15.70 /app/ggml/src/ggml-cpu/ops.cpp:5949:12: warning: enumeration value 'GGML_TYPE_EXL3_3' not handled in switch [-Wswitch]
#19 15.70 /app/ggml/src/ggml-cpu/ops.cpp:5949:12: warning: enumeration value 'GGML_TYPE_EXL3_4' not handled in switch [-Wswitch]
#19 15.70 /app/ggml/src/ggml-cpu/ops.cpp:5949:12: warning: enumeration value 'GGML_TYPE_EXL3_5' not handled in switch [-Wswitch]
#19 15.70 /app/ggml/src/ggml-cpu/ops.cpp:5949:12: warning: enumeration value 'GGML_TYPE_EXL3_6' not handled in switch [-Wswitch]
#19 15.70 /app/ggml/src/ggml-cpu/ops.cpp:5949:12: warning: enumeration value 'GGML_TYPE_EXL3_7' not handled in switch [-Wswitch]
#19 15.70 /app/ggml/src/ggml-cpu/ops.cpp:5949:12: warning: enumeration value 'GGML_TYPE_EXL3_8' not handled in switch [-Wswitch]
#19 16.03 [ 22%] Building CXX object ggml/src/CMakeFiles/ggml-cpu-piledriver.dir/ggml-cpu/amx/amx.cpp.o
#19 16.07 [ 22%] Building CXX object ggml/src/CMakeFiles/ggml-cpu-haswell.dir/ggml-cpu/traits.cpp.o
#19 16.10 /app/ggml/src/ggml-cpu/ops.cpp: In function 'void ggml_compute_forward_clamp(const ggml_compute_params*, ggml_tensor*)':
#19 16.10 /app/ggml/src/ggml-cpu/ops.cpp:5949:12: warning: enumeration value 'GGML_TYPE_EXL3_2' not handled in switch [-Wswitch]
#19 16.10  5949 |     switch (src0->type) {
#19 16.10       |            ^
#19 16.10 /app/ggml/src/ggml-cpu/ops.cpp:5949:12: warning: enumeration value 'GGML_TYPE_EXL3_3' not handled in switch [-Wswitch]
#19 16.10 /app/ggml/src/ggml-cpu/ops.cpp:5949:12: warning: enumeration value 'GGML_TYPE_EXL3_4' not handled in switch [-Wswitch]
#19 16.10 /app/ggml/src/ggml-cpu/ops.cpp:5949:12: warning: enumeration value 'GGML_TYPE_EXL3_5' not handled in switch [-Wswitch]
#19 16.10 /app/ggml/src/ggml-cpu/ops.cpp:5949:12: warning: enumeration value 'GGML_TYPE_EXL3_6' not handled in switch [-Wswitch]
#19 16.10 /app/ggml/src/ggml-cpu/ops.cpp:5949:12: warning: enumeration value 'GGML_TYPE_EXL3_7' not handled in switch [-Wswitch]
#19 16.10 /app/ggml/src/ggml-cpu/ops.cpp:5949:12: warning: enumeration value 'GGML_TYPE_EXL3_8' not handled in switch [-Wswitch]
#19 16.28 [ 22%] Building C object ggml/src/CMakeFiles/ggml-cpu-sse42.dir/ggml-cpu/arch/x86/quants.c.o
#19 16.32 [ 22%] Building CXX object ggml/src/CMakeFiles/ggml-cpu-sse42.dir/ggml-cpu/arch/x86/repack.cpp.o
#19 16.44 [ 22%] Building CXX object ggml/src/CMakeFiles/ggml-cpu-x64.dir/ggml-cpu/llamafile/sgemm.cpp.o
#19 16.47 /app/ggml/src/ggml-cpu/ops.cpp: In function 'void ggml_compute_forward_clamp(const ggml_compute_params*, ggml_tensor*)':
#19 16.47 /app/ggml/src/ggml-cpu/ops.cpp:5949:12: warning: enumeration value 'GGML_TYPE_EXL3_2' not handled in switch [-Wswitch]
#19 16.47  5949 |     switch (src0->type) {
#19 16.47       |            ^
#19 16.47 /app/ggml/src/ggml-cpu/ops.cpp:5949:12: warning: enumeration value 'GGML_TYPE_EXL3_3' not handled in switch [-Wswitch]
#19 16.47 /app/ggml/src/ggml-cpu/ops.cpp:5949:12: warning: enumeration value 'GGML_TYPE_EXL3_4' not handled in switch [-Wswitch]
#19 16.47 /app/ggml/src/ggml-cpu/ops.cpp:5949:12: warning: enumeration value 'GGML_TYPE_EXL3_5' not handled in switch [-Wswitch]
#19 16.47 /app/ggml/src/ggml-cpu/ops.cpp:5949:12: warning: enumeration value 'GGML_TYPE_EXL3_6' not handled in switch [-Wswitch]
#19 16.47 /app/ggml/src/ggml-cpu/ops.cpp:5949:12: warning: enumeration value 'GGML_TYPE_EXL3_7' not handled in switch [-Wswitch]
#19 16.47 /app/ggml/src/ggml-cpu/ops.cpp:5949:12: warning: enumeration value 'GGML_TYPE_EXL3_8' not handled in switch [-Wswitch]
#19 16.51 [ 22%] Building CUDA object ggml/src/ggml-cuda/CMakeFiles/ggml-cuda.dir/arange.cu.o
#19 16.60 [ 22%] Building C object ggml/src/CMakeFiles/ggml-cpu-x64.dir/ggml-cpu/arch/x86/quants.c.o
#19 16.66 [ 22%] Building CXX object ggml/src/CMakeFiles/ggml-cpu-cooperlake.dir/ggml-cpu/traits.cpp.o
#19 16.75 [ 22%] Building CXX object ggml/src/CMakeFiles/ggml-cpu-skylakex.dir/ggml-cpu/traits.cpp.o
#19 16.87 [ 22%] Building CXX object ggml/src/CMakeFiles/ggml-cpu-sapphirerapids.dir/ggml-cpu/llamafile/sgemm.cpp.o
#19 16.89 [ 22%] Building C object ggml/src/CMakeFiles/ggml-cpu-zen4.dir/ggml-cpu/quants.c.o
#19 16.94 [ 23%] Building CXX object ggml/src/CMakeFiles/ggml-cpu-piledriver.dir/ggml-cpu/amx/mmq.cpp.o
#19 17.12 [ 23%] Building CXX object ggml/src/CMakeFiles/ggml-cpu-cooperlake.dir/ggml-cpu/amx/amx.cpp.o
#19 17.13 [ 23%] Building CXX object ggml/src/CMakeFiles/ggml-cpu-cooperlake.dir/ggml-cpu/amx/mmq.cpp.o
#19 17.23 [ 23%] Building CXX object ggml/src/CMakeFiles/ggml-cpu-cooperlake.dir/ggml-cpu/binary-ops.cpp.o
#19 17.24 [ 23%] Building CXX object ggml/src/CMakeFiles/ggml-cpu-cooperlake.dir/ggml-cpu/unary-ops.cpp.o
#19 17.38 [ 23%] Building CXX object ggml/src/CMakeFiles/ggml-cpu-piledriver.dir/ggml-cpu/binary-ops.cpp.o
#19 17.47 [ 23%] Building CXX object ggml/src/CMakeFiles/ggml-cpu-piledriver.dir/ggml-cpu/unary-ops.cpp.o
#19 17.66 [ 23%] Building CXX object ggml/src/CMakeFiles/ggml-cpu-haswell.dir/ggml-cpu/amx/amx.cpp.o
#19 17.80 [ 23%] Building CXX object ggml/src/CMakeFiles/ggml-cpu-cannonlake.dir/ggml-cpu/ops.cpp.o
#19 17.91 [ 23%] Building CXX object ggml/src/CMakeFiles/ggml-cpu-cannonlake.dir/ggml-cpu/llamafile/sgemm.cpp.o
#19 17.92 [ 23%] Building C object ggml/src/CMakeFiles/ggml-cpu-cannonlake.dir/ggml-cpu/arch/x86/quants.c.o
#19 17.99 [ 23%] Building CXX object ggml/src/CMakeFiles/ggml-cpu-cannonlake.dir/ggml-cpu/arch/x86/repack.cpp.o
#19 18.17 [ 24%] Building C object ggml/src/CMakeFiles/ggml-cpu-alderlake.dir/ggml-cpu/quants.c.o
#19 18.23 [ 24%] Building CXX object ggml/src/CMakeFiles/ggml-cpu-alderlake.dir/ggml-cpu/traits.cpp.o
#19 18.29 [ 24%] Building CXX object ggml/src/CMakeFiles/ggml-cpu-alderlake.dir/ggml-cpu/amx/amx.cpp.o
#19 18.34 [ 24%] Building C object ggml/src/CMakeFiles/ggml-cpu-icelake.dir/ggml-cpu/quants.c.o
#19 18.49 [ 24%] Building C object ggml/src/CMakeFiles/ggml-cpu-sapphirerapids.dir/ggml-cpu/arch/x86/quants.c.o
#19 18.51 [ 24%] Building CXX object ggml/src/CMakeFiles/ggml-cpu-haswell.dir/ggml-cpu/amx/mmq.cpp.o
#19 18.54 [ 25%] Building CUDA object ggml/src/ggml-cuda/CMakeFiles/ggml-cuda.dir/argmax.cu.o
#19 18.57 /app/ggml/src/ggml-cpu/ops.cpp: In function 'void ggml_compute_forward_clamp(const ggml_compute_params*, ggml_tensor*)':
#19 18.57 /app/ggml/src/ggml-cpu/ops.cpp:5949:12: warning: enumeration value 'GGML_TYPE_EXL3_2' not handled in switch [-Wswitch]
#19 18.57  5949 |     switch (src0->type) {
#19 18.57       |            ^
#19 18.57 /app/ggml/src/ggml-cpu/ops.cpp:5949:12: warning: enumeration value 'GGML_TYPE_EXL3_3' not handled in switch [-Wswitch]
#19 18.57 /app/ggml/src/ggml-cpu/ops.cpp:5949:12: warning: enumeration value 'GGML_TYPE_EXL3_4' not handled in switch [-Wswitch]
#19 18.57 /app/ggml/src/ggml-cpu/ops.cpp:5949:12: warning: enumeration value 'GGML_TYPE_EXL3_5' not handled in switch [-Wswitch]
#19 18.57 /app/ggml/src/ggml-cpu/ops.cpp:5949:12: warning: enumeration value 'GGML_TYPE_EXL3_6' not handled in switch [-Wswitch]
#19 18.57 /app/ggml/src/ggml-cpu/ops.cpp:5949:12: warning: enumeration value 'GGML_TYPE_EXL3_7' not handled in switch [-Wswitch]
#19 18.57 /app/ggml/src/ggml-cpu/ops.cpp:5949:12: warning: enumeration value 'GGML_TYPE_EXL3_8' not handled in switch [-Wswitch]
#19 19.01 [ 25%] Building CXX object ggml/src/CMakeFiles/ggml-cpu-piledriver.dir/ggml-cpu/vec.cpp.o
#19 19.08 [ 25%] Building CXX object ggml/src/CMakeFiles/ggml-cpu-piledriver.dir/ggml-cpu/ops.cpp.o
#19 19.14 [ 25%] Building CXX object ggml/src/CMakeFiles/ggml-cpu-piledriver.dir/ggml-cpu/llamafile/sgemm.cpp.o
#19 19.38 [ 25%] Building C object ggml/src/CMakeFiles/ggml-cpu-cascadelake.dir/ggml-cpu/quants.c.o
#19 19.38 [ 25%] Building CXX object ggml/src/CMakeFiles/ggml-cpu-cascadelake.dir/ggml-cpu/traits.cpp.o
#19 19.40 [ 26%] Building CXX object ggml/src/CMakeFiles/ggml-cpu-haswell.dir/ggml-cpu/binary-ops.cpp.o
#19 19.44 [ 27%] Building CXX object ggml/src/CMakeFiles/ggml-cpu-ivybridge.dir/ggml-cpu/hbm.cpp.o
#19 19.44 [ 27%] Building CXX object ggml/src/CMakeFiles/ggml-cpu-x64.dir/ggml-cpu/arch/x86/repack.cpp.o
#19 19.45 [ 27%] Building CXX object ggml/src/CMakeFiles/ggml-cpu-sapphirerapids.dir/ggml-cpu/arch/x86/repack.cpp.o
#19 19.45 [ 27%] Building C object ggml/src/CMakeFiles/ggml-cpu-ivybridge.dir/ggml-cpu/quants.c.o
#19 19.52 [ 27%] Building CXX object ggml/src/CMakeFiles/ggml-cpu-zen4.dir/ggml-cpu/traits.cpp.o
#19 19.64 [ 27%] Building CUDA object ggml/src/ggml-cuda/CMakeFiles/ggml-cuda.dir/argsort.cu.o
#19 19.85 [ 27%] Building CXX object ggml/src/CMakeFiles/ggml-cpu-alderlake.dir/ggml-cpu/amx/mmq.cpp.o
#19 19.89 [ 27%] Building CXX object ggml/src/CMakeFiles/ggml-cpu-alderlake.dir/ggml-cpu/binary-ops.cpp.o
#19 19.93 [ 27%] Building CXX object ggml/src/CMakeFiles/ggml-cpu-alderlake.dir/ggml-cpu/unary-ops.cpp.o
#19 19.93 /app/ggml/src/ggml-cpu/ops.cpp: In function 'void ggml_compute_forward_clamp(const ggml_compute_params*, ggml_tensor*)':
#19 19.93 /app/ggml/src/ggml-cpu/ops.cpp:5949:12: warning: enumeration value 'GGML_TYPE_EXL3_2' not handled in switch [-Wswitch]
#19 19.93  5949 |     switch (src0->type) {
#19 19.93       |            ^
#19 19.93 /app/ggml/src/ggml-cpu/ops.cpp:5949:12: warning: enumeration value 'GGML_TYPE_EXL3_3' not handled in switch [-Wswitch]
#19 19.93 /app/ggml/src/ggml-cpu/ops.cpp:5949:12: warning: enumeration value 'GGML_TYPE_EXL3_4' not handled in switch [-Wswitch]
#19 19.93 /app/ggml/src/ggml-cpu/ops.cpp:5949:12: warning: enumeration value 'GGML_TYPE_EXL3_5' not handled in switch [-Wswitch]
#19 19.93 /app/ggml/src/ggml-cpu/ops.cpp:5949:12: warning: enumeration value 'GGML_TYPE_EXL3_6' not handled in switch [-Wswitch]
#19 19.93 /app/ggml/src/ggml-cpu/ops.cpp:5949:12: warning: enumeration value 'GGML_TYPE_EXL3_7' not handled in switch [-Wswitch]
#19 19.93 /app/ggml/src/ggml-cpu/ops.cpp:5949:12: warning: enumeration value 'GGML_TYPE_EXL3_8' not handled in switch [-Wswitch]
#19 19.99 [ 28%] Building CXX object ggml/src/CMakeFiles/ggml-cpu-icelake.dir/ggml-cpu/traits.cpp.o
#19 20.02 [ 28%] Building CXX object ggml/src/CMakeFiles/ggml-cpu-alderlake.dir/ggml-cpu/vec.cpp.o
#19 20.05 [ 28%] Building C object ggml/src/CMakeFiles/ggml-cpu-piledriver.dir/ggml-cpu/arch/x86/quants.c.o
#19 20.11 [ 28%] Building CXX object ggml/src/CMakeFiles/ggml-cpu-piledriver.dir/ggml-cpu/arch/x86/repack.cpp.o
#19 20.23 [ 29%] Building CXX object ggml/src/CMakeFiles/ggml-cpu-zen4.dir/ggml-cpu/amx/amx.cpp.o
#19 20.26 [ 29%] Building CXX object ggml/src/CMakeFiles/ggml-cpu-ivybridge.dir/ggml-cpu/traits.cpp.o
#19 20.32 [ 30%] Building CXX object ggml/src/CMakeFiles/ggml-cpu-skylakex.dir/ggml-cpu/amx/amx.cpp.o
#19 20.46 [ 31%] Building CXX object ggml/src/CMakeFiles/ggml-cpu-sandybridge.dir/ggml-cpu/llamafile/sgemm.cpp.o
#19 20.53 [ 31%] Building CXX object ggml/src/CMakeFiles/ggml-cpu-cooperlake.dir/ggml-cpu/vec.cpp.o
#19 20.71 [ 31%] Building C object ggml/src/CMakeFiles/ggml-cpu-sandybridge.dir/ggml-cpu/arch/x86/quants.c.o
#19 20.71 [ 31%] Building CXX object ggml/src/CMakeFiles/ggml-cpu-icelake.dir/ggml-cpu/amx/amx.cpp.o
#19 20.92 [ 31%] Building CXX object ggml/src/CMakeFiles/ggml-cpu-sandybridge.dir/ggml-cpu/arch/x86/repack.cpp.o
#19 20.97 [ 31%] Building CXX object ggml/src/CMakeFiles/ggml-cpu-alderlake.dir/ggml-cpu/ops.cpp.o
#19 21.02 [ 31%] Building CXX object ggml/src/CMakeFiles/ggml-cpu-zen4.dir/ggml-cpu/amx/mmq.cpp.o
#19 21.05 [ 32%] Building CXX object ggml/src/CMakeFiles/ggml-cpu-cascadelake.dir/ggml-cpu/amx/amx.cpp.o
#19 21.05 [ 32%] Building CXX object ggml/src/CMakeFiles/ggml-cpu-cascadelake.dir/ggml-cpu/amx/mmq.cpp.o
#19 21.14 [ 32%] Building CXX object ggml/src/CMakeFiles/ggml-cpu-skylakex.dir/ggml-cpu/amx/mmq.cpp.o
#19 21.25 [ 32%] Building CXX object ggml/src/CMakeFiles/ggml-cpu-ivybridge.dir/ggml-cpu/amx/amx.cpp.o
#19 21.32 [ 32%] Building CXX object ggml/src/CMakeFiles/ggml-cpu-ivybridge.dir/ggml-cpu/amx/mmq.cpp.o
#19 21.39 [ 33%] Building CXX object ggml/src/CMakeFiles/ggml-cpu-cooperlake.dir/ggml-cpu/ops.cpp.o
#19 21.51 [ 33%] Building CXX object ggml/src/CMakeFiles/ggml-cpu-icelake.dir/ggml-cpu/amx/mmq.cpp.o
#19 21.55 [ 33%] Building CXX object ggml/src/CMakeFiles/ggml-cpu-haswell.dir/ggml-cpu/unary-ops.cpp.o
#19 21.77 [ 33%] Building CXX object ggml/src/CMakeFiles/ggml-cpu-cooperlake.dir/ggml-cpu/llamafile/sgemm.cpp.o
#19 21.80 /app/ggml/src/ggml-cpu/ops.cpp: In function 'void ggml_compute_forward_clamp(const ggml_compute_params*, ggml_tensor*)':
#19 21.80 /app/ggml/src/ggml-cpu/ops.cpp:5949:12: warning: enumeration value 'GGML_TYPE_EXL3_2' not handled in switch [-Wswitch]
#19 21.80  5949 |     switch (src0->type) {
#19 21.80       |            ^
#19 21.80 /app/ggml/src/ggml-cpu/ops.cpp:5949:12: warning: enumeration value 'GGML_TYPE_EXL3_3' not handled in switch [-Wswitch]
#19 21.80 /app/ggml/src/ggml-cpu/ops.cpp:5949:12: warning: enumeration value 'GGML_TYPE_EXL3_4' not handled in switch [-Wswitch]
#19 21.80 /app/ggml/src/ggml-cpu/ops.cpp:5949:12: warning: enumeration value 'GGML_TYPE_EXL3_5' not handled in switch [-Wswitch]
#19 21.80 /app/ggml/src/ggml-cpu/ops.cpp:5949:12: warning: enumeration value 'GGML_TYPE_EXL3_6' not handled in switch [-Wswitch]
#19 21.80 /app/ggml/src/ggml-cpu/ops.cpp:5949:12: warning: enumeration value 'GGML_TYPE_EXL3_7' not handled in switch [-Wswitch]
#19 21.80 /app/ggml/src/ggml-cpu/ops.cpp:5949:12: warning: enumeration value 'GGML_TYPE_EXL3_8' not handled in switch [-Wswitch]
#19 21.81 [ 33%] Building CXX object ggml/src/CMakeFiles/ggml-cpu-zen4.dir/ggml-cpu/binary-ops.cpp.o
#19 21.85 [ 33%] Building CUDA object ggml/src/ggml-cuda/CMakeFiles/ggml-cuda.dir/binbcast.cu.o
#19 21.86 [ 33%] Building CXX object ggml/src/CMakeFiles/ggml-cpu-cascadelake.dir/ggml-cpu/binary-ops.cpp.o
#19 21.97 [ 33%] Building CXX object ggml/src/CMakeFiles/ggml-cpu-cascadelake.dir/ggml-cpu/unary-ops.cpp.o
#19 22.01 [ 33%] Building CXX object ggml/src/CMakeFiles/ggml-cpu-skylakex.dir/ggml-cpu/binary-ops.cpp.o
#19 22.02 [ 33%] Building CXX object ggml/src/CMakeFiles/ggml-cpu-cascadelake.dir/ggml-cpu/vec.cpp.o
#19 22.02 [ 33%] Linking CXX shared module ../../bin/libggml-cpu-sse42.so
#19 22.12 [ 33%] Building CXX object ggml/src/CMakeFiles/ggml-cpu-cascadelake.dir/ggml-cpu/ops.cpp.o
#19 22.12 [ 33%] Built target ggml-cpu-sse42
#19 22.13 [ 33%] Building CUDA object ggml/src/ggml-cuda/CMakeFiles/ggml-cuda.dir/chain.cu.o
#19 22.16 /app/ggml/src/ggml-cpu/ops.cpp: In function 'void ggml_compute_forward_clamp(const ggml_compute_params*, ggml_tensor*)':
#19 22.16 /app/ggml/src/ggml-cpu/ops.cpp:5949:12: warning: enumeration value 'GGML_TYPE_EXL3_2' not handled in switch [-Wswitch]
#19 22.16  5949 |     switch (src0->type) {
#19 22.16       |            ^
#19 22.16 /app/ggml/src/ggml-cpu/ops.cpp:5949:12: warning: enumeration value 'GGML_TYPE_EXL3_3' not handled in switch [-Wswitch]
#19 22.16 /app/ggml/src/ggml-cpu/ops.cpp:5949:12: warning: enumeration value 'GGML_TYPE_EXL3_4' not handled in switch [-Wswitch]
#19 22.16 /app/ggml/src/ggml-cpu/ops.cpp:5949:12: warning: enumeration value 'GGML_TYPE_EXL3_5' not handled in switch [-Wswitch]
#19 22.16 /app/ggml/src/ggml-cpu/ops.cpp:5949:12: warning: enumeration value 'GGML_TYPE_EXL3_6' not handled in switch [-Wswitch]
#19 22.16 /app/ggml/src/ggml-cpu/ops.cpp:5949:12: warning: enumeration value 'GGML_TYPE_EXL3_7' not handled in switch [-Wswitch]
#19 22.16 /app/ggml/src/ggml-cpu/ops.cpp:5949:12: warning: enumeration value 'GGML_TYPE_EXL3_8' not handled in switch [-Wswitch]
#19 22.18 [ 33%] Building CXX object ggml/src/CMakeFiles/ggml-cpu-ivybridge.dir/ggml-cpu/binary-ops.cpp.o
#19 22.19 [ 33%] Building CXX object ggml/src/CMakeFiles/ggml-cpu-ivybridge.dir/ggml-cpu/unary-ops.cpp.o
#19 22.29 [ 33%] Building CXX object ggml/src/CMakeFiles/ggml-cpu-icelake.dir/ggml-cpu/binary-ops.cpp.o
#19 22.53 [ 33%] Building CXX object ggml/src/CMakeFiles/ggml-cpu-icelake.dir/ggml-cpu/unary-ops.cpp.o
#19 22.56 [ 34%] Building CXX object ggml/src/CMakeFiles/ggml-cpu-alderlake.dir/ggml-cpu/llamafile/sgemm.cpp.o
#19 22.73 [ 34%] Building C object ggml/src/CMakeFiles/ggml-cpu-alderlake.dir/ggml-cpu/arch/x86/quants.c.o
#19 22.87 [ 34%] Building CUDA object ggml/src/ggml-cuda/CMakeFiles/ggml-cuda.dir/clamp.cu.o
#19 22.89 /app/ggml/src/ggml-cpu/ops.cpp: In function 'void ggml_compute_forward_clamp(const ggml_compute_params*, ggml_tensor*)':
#19 22.89 /app/ggml/src/ggml-cpu/ops.cpp:5949:12: warning: enumeration value 'GGML_TYPE_EXL3_2' not handled in switch [-Wswitch]
#19 22.89  5949 |     switch (src0->type) {
#19 22.89       |            ^
#19 22.89 /app/ggml/src/ggml-cpu/ops.cpp:5949:12: warning: enumeration value 'GGML_TYPE_EXL3_3' not handled in switch [-Wswitch]
#19 22.89 /app/ggml/src/ggml-cpu/ops.cpp:5949:12: warning: enumeration value 'GGML_TYPE_EXL3_4' not handled in switch [-Wswitch]
#19 22.89 /app/ggml/src/ggml-cpu/ops.cpp:5949:12: warning: enumeration value 'GGML_TYPE_EXL3_5' not handled in switch [-Wswitch]
#19 22.89 /app/ggml/src/ggml-cpu/ops.cpp:5949:12: warning: enumeration value 'GGML_TYPE_EXL3_6' not handled in switch [-Wswitch]
#19 22.89 /app/ggml/src/ggml-cpu/ops.cpp:5949:12: warning: enumeration value 'GGML_TYPE_EXL3_7' not handled in switch [-Wswitch]
#19 22.89 /app/ggml/src/ggml-cpu/ops.cpp:5949:12: warning: enumeration value 'GGML_TYPE_EXL3_8' not handled in switch [-Wswitch]
#19 22.96 [ 34%] Building CUDA object ggml/src/ggml-cuda/CMakeFiles/ggml-cuda.dir/col2im-1d.cu.o
#19 23.48 [ 34%] Building CUDA object ggml/src/ggml-cuda/CMakeFiles/ggml-cuda.dir/concat.cu.o
#19 23.56 [ 34%] Building CXX object ggml/src/CMakeFiles/ggml-cpu-alderlake.dir/ggml-cpu/arch/x86/repack.cpp.o
#19 23.90 [ 34%] Building CXX object ggml/src/CMakeFiles/ggml-cpu-zen4.dir/ggml-cpu/unary-ops.cpp.o
#19 23.93 [ 35%] Building CUDA object ggml/src/ggml-cuda/CMakeFiles/ggml-cuda.dir/conv-transpose-1d.cu.o
#19 23.95 [ 35%] Linking CXX static library libcpp-httplib.a
#19 23.99 [ 35%] Building CUDA object ggml/src/ggml-cuda/CMakeFiles/ggml-cuda.dir/conv2d-dw.cu.o
#19 23.99 [ 35%] Built target cpp-httplib
#19 24.00 [ 35%] Building CUDA object ggml/src/ggml-cuda/CMakeFiles/ggml-cuda.dir/conv2d-transpose.cu.o
#19 24.05 [ 35%] Linking CXX shared module ../../bin/libggml-cpu-x64.so
#19 24.15 [ 35%] Built target ggml-cpu-x64
#19 24.16 [ 35%] Building CUDA object ggml/src/ggml-cuda/CMakeFiles/ggml-cuda.dir/conv2d.cu.o
#19 24.23 [ 35%] Building CUDA object ggml/src/ggml-cuda/CMakeFiles/ggml-cuda.dir/conv3d.cu.o
#19 24.46 [ 35%] Building CXX object ggml/src/CMakeFiles/ggml-cpu-icelake.dir/ggml-cpu/vec.cpp.o
#19 24.54 [ 35%] Building CXX object ggml/src/CMakeFiles/ggml-cpu-icelake.dir/ggml-cpu/ops.cpp.o
#19 24.60 [ 35%] Building CXX object ggml/src/CMakeFiles/ggml-cpu-haswell.dir/ggml-cpu/vec.cpp.o
#19 24.92 [ 35%] Building CXX object ggml/src/CMakeFiles/ggml-cpu-skylakex.dir/ggml-cpu/unary-ops.cpp.o
#19 24.95 [ 35%] Building CXX object ggml/src/CMakeFiles/ggml-cpu-skylakex.dir/ggml-cpu/vec.cpp.o
#19 25.23 [ 36%] Building CXX object ggml/src/CMakeFiles/ggml-cpu-ivybridge.dir/ggml-cpu/vec.cpp.o
#19 25.27 [ 36%] Building CXX object ggml/src/CMakeFiles/ggml-cpu-cascadelake.dir/ggml-cpu/llamafile/sgemm.cpp.o
#19 25.31 [ 36%] Building CXX object ggml/src/CMakeFiles/ggml-cpu-icelake.dir/ggml-cpu/llamafile/sgemm.cpp.o
#19 25.32 /app/ggml/src/ggml-cpu/ops.cpp: In function 'void ggml_compute_forward_clamp(const ggml_compute_params*, ggml_tensor*)':
#19 25.32 /app/ggml/src/ggml-cpu/ops.cpp:5949:12: warning: enumeration value 'GGML_TYPE_EXL3_2' not handled in switch [-Wswitch]
#19 25.32  5949 |     switch (src0->type) {
#19 25.32       |            ^
#19 25.32 /app/ggml/src/ggml-cpu/ops.cpp:5949:12: warning: enumeration value 'GGML_TYPE_EXL3_3' not handled in switch [-Wswitch]
#19 25.32 /app/ggml/src/ggml-cpu/ops.cpp:5949:12: warning: enumeration value 'GGML_TYPE_EXL3_4' not handled in switch [-Wswitch]
#19 25.32 /app/ggml/src/ggml-cpu/ops.cpp:5949:12: warning: enumeration value 'GGML_TYPE_EXL3_5' not handled in switch [-Wswitch]
#19 25.32 /app/ggml/src/ggml-cpu/ops.cpp:5949:12: warning: enumeration value 'GGML_TYPE_EXL3_6' not handled in switch [-Wswitch]
#19 25.32 /app/ggml/src/ggml-cpu/ops.cpp:5949:12: warning: enumeration value 'GGML_TYPE_EXL3_7' not handled in switch [-Wswitch]
#19 25.32 /app/ggml/src/ggml-cpu/ops.cpp:5949:12: warning: enumeration value 'GGML_TYPE_EXL3_8' not handled in switch [-Wswitch]
#19 25.51 [ 36%] Building CXX object ggml/src/CMakeFiles/ggml-cpu-haswell.dir/ggml-cpu/ops.cpp.o
#19 25.74 [ 37%] Building C object ggml/src/CMakeFiles/ggml-cpu-icelake.dir/ggml-cpu/arch/x86/quants.c.o
#19 25.81 [ 37%] Building CXX object ggml/src/CMakeFiles/ggml-cpu-icelake.dir/ggml-cpu/arch/x86/repack.cpp.o
#19 25.81 [ 37%] Building CUDA object ggml/src/ggml-cuda/CMakeFiles/ggml-cuda.dir/convert.cu.o
#19 25.95 [ 37%] Linking CXX shared module ../../bin/libggml-cpu-sandybridge.so
#19 26.05 [ 37%] Built target ggml-cpu-sandybridge
#19 26.06 [ 37%] Building CXX object ggml/src/CMakeFiles/ggml-cpu-ivybridge.dir/ggml-cpu/ops.cpp.o
#19 26.14 [ 37%] Building CXX object ggml/src/CMakeFiles/ggml-cpu-ivybridge.dir/ggml-cpu/llamafile/sgemm.cpp.o
#19 26.15 [ 37%] Building C object ggml/src/CMakeFiles/ggml-cpu-ivybridge.dir/ggml-cpu/arch/x86/quants.c.o
#19 26.25 [ 37%] Building CXX object ggml/src/CMakeFiles/ggml-cpu-ivybridge.dir/ggml-cpu/arch/x86/repack.cpp.o
#19 26.35 /app/ggml/src/ggml-cpu/ops.cpp: In function 'void ggml_compute_forward_clamp(const ggml_compute_params*, ggml_tensor*)':
#19 26.35 /app/ggml/src/ggml-cpu/ops.cpp:5949:12: warning: enumeration value 'GGML_TYPE_EXL3_2' not handled in switch [-Wswitch]
#19 26.35  5949 |     switch (src0->type) {
#19 26.35       |            ^
#19 26.35 /app/ggml/src/ggml-cpu/ops.cpp:5949:12: warning: enumeration value 'GGML_TYPE_EXL3_3' not handled in switch [-Wswitch]
#19 26.35 /app/ggml/src/ggml-cpu/ops.cpp:5949:12: warning: enumeration value 'GGML_TYPE_EXL3_4' not handled in switch [-Wswitch]
#19 26.35 /app/ggml/src/ggml-cpu/ops.cpp:5949:12: warning: enumeration value 'GGML_TYPE_EXL3_5' not handled in switch [-Wswitch]
#19 26.35 /app/ggml/src/ggml-cpu/ops.cpp:5949:12: warning: enumeration value 'GGML_TYPE_EXL3_6' not handled in switch [-Wswitch]
#19 26.35 /app/ggml/src/ggml-cpu/ops.cpp:5949:12: warning: enumeration value 'GGML_TYPE_EXL3_7' not handled in switch [-Wswitch]
#19 26.35 /app/ggml/src/ggml-cpu/ops.cpp:5949:12: warning: enumeration value 'GGML_TYPE_EXL3_8' not handled in switch [-Wswitch]
#19 26.52 [ 37%] Building CXX object ggml/src/CMakeFiles/ggml-cpu-zen4.dir/ggml-cpu/vec.cpp.o
#19 26.73 [ 37%] Building CXX object ggml/src/CMakeFiles/ggml-cpu-zen4.dir/ggml-cpu/ops.cpp.o
#19 26.75 [ 37%] Linking CXX shared module ../../bin/libggml-cpu-sapphirerapids.so
#19 26.84 [ 37%] Built target ggml-cpu-sapphirerapids
#19 26.85 [ 37%] Building CXX object ggml/src/CMakeFiles/ggml-cpu-zen4.dir/ggml-cpu/llamafile/sgemm.cpp.o
#19 26.86 [ 37%] Building CUDA object ggml/src/ggml-cuda/CMakeFiles/ggml-cuda.dir/convrot.cu.o
#19 26.91 /app/ggml/src/ggml-cpu/ops.cpp: In function 'void ggml_compute_forward_clamp(const ggml_compute_params*, ggml_tensor*)':
#19 26.91 /app/ggml/src/ggml-cpu/ops.cpp:5949:12: warning: enumeration value 'GGML_TYPE_EXL3_2' not handled in switch [-Wswitch]
#19 26.91  5949 |     switch (src0->type) {
#19 26.91       |            ^
#19 26.91 /app/ggml/src/ggml-cpu/ops.cpp:5949:12: warning: enumeration value 'GGML_TYPE_EXL3_3' not handled in switch [-Wswitch]
#19 26.91 /app/ggml/src/ggml-cpu/ops.cpp:5949:12: warning: enumeration value 'GGML_TYPE_EXL3_4' not handled in switch [-Wswitch]
#19 26.91 /app/ggml/src/ggml-cpu/ops.cpp:5949:12: warning: enumeration value 'GGML_TYPE_EXL3_5' not handled in switch [-Wswitch]
#19 26.91 /app/ggml/src/ggml-cpu/ops.cpp:5949:12: warning: enumeration value 'GGML_TYPE_EXL3_6' not handled in switch [-Wswitch]
#19 26.91 /app/ggml/src/ggml-cpu/ops.cpp:5949:12: warning: enumeration value 'GGML_TYPE_EXL3_7' not handled in switch [-Wswitch]
#19 26.91 /app/ggml/src/ggml-cpu/ops.cpp:5949:12: warning: enumeration value 'GGML_TYPE_EXL3_8' not handled in switch [-Wswitch]
#19 27.13 [ 37%] Building CUDA object ggml/src/ggml-cuda/CMakeFiles/ggml-cuda.dir/count-equal.cu.o
#19 27.19 [ 38%] Building CUDA object ggml/src/ggml-cuda/CMakeFiles/ggml-cuda.dir/cpy.cu.o
#19 27.28 [ 38%] Building CUDA object ggml/src/ggml-cuda/CMakeFiles/ggml-cuda.dir/cross-entropy-loss.cu.o
#19 27.38 [ 38%] Building CUDA object ggml/src/ggml-cuda/CMakeFiles/ggml-cuda.dir/cumsum.cu.o
#19 27.43 [ 38%] Building CUDA object ggml/src/ggml-cuda/CMakeFiles/ggml-cuda.dir/diag.cu.o
#19 27.52 /app/ggml/src/ggml-cpu/ops.cpp: In function 'void ggml_compute_forward_clamp(const ggml_compute_params*, ggml_tensor*)':
#19 27.52 /app/ggml/src/ggml-cpu/ops.cpp:5949:12: warning: enumeration value 'GGML_TYPE_EXL3_2' not handled in switch [-Wswitch]
#19 27.52  5949 |     switch (src0->type) {
#19 27.52       |            ^
#19 27.52 /app/ggml/src/ggml-cpu/ops.cpp:5949:12: warning: enumeration value 'GGML_TYPE_EXL3_3' not handled in switch [-Wswitch]
#19 27.52 /app/ggml/src/ggml-cpu/ops.cpp:5949:12: warning: enumeration value 'GGML_TYPE_EXL3_4' not handled in switch [-Wswitch]
#19 27.52 /app/ggml/src/ggml-cpu/ops.cpp:5949:12: warning: enumeration value 'GGML_TYPE_EXL3_5' not handled in switch [-Wswitch]
#19 27.52 /app/ggml/src/ggml-cpu/ops.cpp:5949:12: warning: enumeration value 'GGML_TYPE_EXL3_6' not handled in switch [-Wswitch]
#19 27.52 /app/ggml/src/ggml-cpu/ops.cpp:5949:12: warning: enumeration value 'GGML_TYPE_EXL3_7' not handled in switch [-Wswitch]
#19 27.52 /app/ggml/src/ggml-cpu/ops.cpp:5949:12: warning: enumeration value 'GGML_TYPE_EXL3_8' not handled in switch [-Wswitch]
#19 27.58 [ 38%] Building CXX object ggml/src/CMakeFiles/ggml-cpu-haswell.dir/ggml-cpu/llamafile/sgemm.cpp.o
#19 27.68 [ 38%] Building C object ggml/src/CMakeFiles/ggml-cpu-cascadelake.dir/ggml-cpu/arch/x86/quants.c.o
#19 27.82 [ 39%] Building CXX object ggml/src/CMakeFiles/ggml-cpu-cascadelake.dir/ggml-cpu/arch/x86/repack.cpp.o
#19 28.50 [ 39%] Building CXX object ggml/src/CMakeFiles/ggml-cpu-skylakex.dir/ggml-cpu/ops.cpp.o
#19 28.82 [ 40%] Building C object ggml/src/CMakeFiles/ggml-cpu-zen4.dir/ggml-cpu/arch/x86/quants.c.o
#19 28.97 [ 40%] Building CXX object ggml/src/CMakeFiles/ggml-cpu-zen4.dir/ggml-cpu/arch/x86/repack.cpp.o
#19 29.20 [ 41%] Linking CXX shared module ../../bin/libggml-cpu-piledriver.so
#19 29.29 [ 41%] Built target ggml-cpu-piledriver
#19 29.30 [ 41%] Building C object ggml/src/CMakeFiles/ggml-cpu-haswell.dir/ggml-cpu/arch/x86/quants.c.o
#19 29.36 /app/ggml/src/ggml-cpu/ops.cpp: In function 'void ggml_compute_forward_clamp(const ggml_compute_params*, ggml_tensor*)':
#19 29.36 /app/ggml/src/ggml-cpu/ops.cpp:5949:12: warning: enumeration value 'GGML_TYPE_EXL3_2' not handled in switch [-Wswitch]
#19 29.36  5949 |     switch (src0->type) {
#19 29.36       |            ^
#19 29.36 /app/ggml/src/ggml-cpu/ops.cpp:5949:12: warning: enumeration value 'GGML_TYPE_EXL3_3' not handled in switch [-Wswitch]
#19 29.36 /app/ggml/src/ggml-cpu/ops.cpp:5949:12: warning: enumeration value 'GGML_TYPE_EXL3_4' not handled in switch [-Wswitch]
#19 29.36 /app/ggml/src/ggml-cpu/ops.cpp:5949:12: warning: enumeration value 'GGML_TYPE_EXL3_5' not handled in switch [-Wswitch]
#19 29.36 /app/ggml/src/ggml-cpu/ops.cpp:5949:12: warning: enumeration value 'GGML_TYPE_EXL3_6' not handled in switch [-Wswitch]
#19 29.36 /app/ggml/src/ggml-cpu/ops.cpp:5949:12: warning: enumeration value 'GGML_TYPE_EXL3_7' not handled in switch [-Wswitch]
#19 29.36 /app/ggml/src/ggml-cpu/ops.cpp:5949:12: warning: enumeration value 'GGML_TYPE_EXL3_8' not handled in switch [-Wswitch]
#19 29.50 [ 41%] Linking CXX shared module ../../bin/libggml-cpu-cannonlake.so
#19 29.53 [ 41%] Building CUDA object ggml/src/ggml-cuda/CMakeFiles/ggml-cuda.dir/diagmask.cu.o
#19 29.56 [ 41%] Building CUDA object ggml/src/ggml-cuda/CMakeFiles/ggml-cuda.dir/dsv4-hc.cu.o
#19 29.60 [ 41%] Built target ggml-cpu-cannonlake
#19 29.61 [ 41%] Building CUDA object ggml/src/ggml-cuda/CMakeFiles/ggml-cuda.dir/exl3-gemv.cu.o
#19 29.96 [ 41%] Building CUDA object ggml/src/ggml-cuda/CMakeFiles/ggml-cuda.dir/exl3.cu.o
#19 30.32 [ 42%] Building CUDA object ggml/src/ggml-cuda/CMakeFiles/ggml-cuda.dir/fattn-tile.cu.o
#19 30.51 [ 42%] Building CXX object ggml/src/CMakeFiles/ggml-cpu-haswell.dir/ggml-cpu/arch/x86/repack.cpp.o
#19 30.83 [ 42%] Building CUDA object ggml/src/ggml-cuda/CMakeFiles/ggml-cuda.dir/fattn.cu.o
#19 30.84 [ 42%] Building CUDA object ggml/src/ggml-cuda/CMakeFiles/ggml-cuda.dir/fill.cu.o
#19 30.84 [ 42%] Building CUDA object ggml/src/ggml-cuda/CMakeFiles/ggml-cuda.dir/fwht.cu.o
#19 31.10 [ 42%] Building CUDA object ggml/src/ggml-cuda/CMakeFiles/ggml-cuda.dir/gated_delta_net.cu.o
#19 31.12 [ 42%] Building CUDA object ggml/src/ggml-cuda/CMakeFiles/ggml-cuda.dir/getrows.cu.o
#19 31.13 [ 42%] Linking CXX shared module ../../bin/libggml-cpu-alderlake.so
#19 31.24 [ 42%] Built target ggml-cpu-alderlake
#19 31.24 [ 42%] Building CUDA object ggml/src/ggml-cuda/CMakeFiles/ggml-cuda.dir/ggml-cuda.cu.o
#19 31.26 [ 43%] Building CUDA object ggml/src/ggml-cuda/CMakeFiles/ggml-cuda.dir/gla.cu.o
#19 31.30 [ 43%] Building CUDA object ggml/src/ggml-cuda/CMakeFiles/ggml-cuda.dir/im2col.cu.o
#19 32.17 [ 43%] Building CUDA object ggml/src/ggml-cuda/CMakeFiles/ggml-cuda.dir/lightning-indexer.cu.o
#19 32.36 [ 43%] Building CUDA object ggml/src/ggml-cuda/CMakeFiles/ggml-cuda.dir/mean.cu.o
#19 32.41 /app/ggml/src/ggml-cuda/exl3.cu(59): warning #177-D: function "exl3_store(float *, float)" was declared but never referenced
#19 32.41                                    void exl3_store(float * p, float v) { *p = v; }
#19 32.41                                         ^
#19 32.41 
#19 32.41 Remark: The warnings can be suppressed with "-diag-suppress <warning-number>"
#19 32.41 
#19 32.42 [ 43%] Building CUDA object ggml/src/ggml-cuda/CMakeFiles/ggml-cuda.dir/mmf.cu.o
#19 33.14 [ 43%] Building C object ggml/src/CMakeFiles/ggml-cpu-cooperlake.dir/ggml-cpu/arch/x86/quants.c.o
#19 33.19 [ 43%] Building CUDA object ggml/src/ggml-cuda/CMakeFiles/ggml-cuda.dir/mmid.cu.o
#19 33.23 [ 43%] Building CUDA object ggml/src/ggml-cuda/CMakeFiles/ggml-cuda.dir/mmq.cu.o
#19 33.54 [ 43%] Building CUDA object ggml/src/ggml-cuda/CMakeFiles/ggml-cuda.dir/mmv-cr.cu.o
#19 33.57 [ 44%] Building CUDA object ggml/src/ggml-cuda/CMakeFiles/ggml-cuda.dir/mmvf.cu.o
#19 33.89 /app/ggml/src/ggml-cuda/fattn.cu(3858): warning #177-D: variable "Q" was declared but never referenced
#19 33.89       const ggml_tensor * Q = dst->src[0];
#19 33.89                           ^
#19 33.89 
#19 33.89 Remark: The warnings can be suppressed with "-diag-suppress <warning-number>"
#19 33.89 
#19 33.91 [ 44%] Linking CXX shared module ../../bin/libggml-cpu-cascadelake.so
#19 34.02 [ 44%] Built target ggml-cpu-cascadelake
#19 34.03 [ 44%] Building CUDA object ggml/src/ggml-cuda/CMakeFiles/ggml-cuda.dir/mmvq-tq.cu.o
#19 34.13 [ 44%] Building CXX object ggml/src/CMakeFiles/ggml-cpu-skylakex.dir/ggml-cpu/llamafile/sgemm.cpp.o
#19 34.17 [ 44%] Building CUDA object ggml/src/ggml-cuda/CMakeFiles/ggml-cuda.dir/mmvq.cu.o
#19 34.22 [ 44%] Building CUDA object ggml/src/ggml-cuda/CMakeFiles/ggml-cuda.dir/moe-cache.cu.o
#19 34.29 [ 44%] Building CXX object ggml/src/CMakeFiles/ggml-cpu-cooperlake.dir/ggml-cpu/arch/x86/repack.cpp.o
#19 34.38 [ 44%] Building C object ggml/src/CMakeFiles/ggml-cpu-skylakex.dir/ggml-cpu/arch/x86/quants.c.o
#19 34.48 [ 44%] Building CUDA object ggml/src/ggml-cuda/CMakeFiles/ggml-cuda.dir/moe-devsort.cu.o
#19 34.87 /app/ggml/src/ggml-cuda/ggml-cuda.cu(4159): warning #177-D: variable "is_tq_w" was declared but never referenced
#19 34.87               const bool is_tq_w = (node->src[0]->type == GGML_TYPE_TQ4_1S || node->src[0]->type == GGML_TYPE_TQ3_1S);
#19 34.87                          ^
#19 34.87 
#19 34.87 Remark: The warnings can be suppressed with "-diag-suppress <warning-number>"
#19 34.87 
#19 35.23 [ 44%] Building CUDA object ggml/src/ggml-cuda/CMakeFiles/ggml-cuda.dir/moe-weighted-reduction.cu.o
#19 35.29 [ 44%] Building CUDA object ggml/src/ggml-cuda/CMakeFiles/ggml-cuda.dir/norm.cu.o
#19 35.54 [ 45%] Building CXX object ggml/src/CMakeFiles/ggml-cpu-skylakex.dir/ggml-cpu/arch/x86/repack.cpp.o
#19 35.57 [ 46%] Building CUDA object ggml/src/ggml-cuda/CMakeFiles/ggml-cuda.dir/opt-step-adamw.cu.o
#19 35.74 [ 46%] Linking CXX shared module ../../bin/libggml-cpu-haswell.so
#19 35.84 [ 46%] Built target ggml-cpu-haswell
#19 35.85 [ 46%] Building CUDA object ggml/src/ggml-cuda/CMakeFiles/ggml-cuda.dir/opt-step-sgd.cu.o
#19 36.38 [ 46%] Building CUDA object ggml/src/ggml-cuda/CMakeFiles/ggml-cuda.dir/out-prod.cu.o
#19 36.38 [ 46%] Linking CXX shared module ../../bin/libggml-cpu-icelake.so
#19 36.48 [ 46%] Built target ggml-cpu-icelake
#19 36.49 [ 46%] Building CUDA object ggml/src/ggml-cuda/CMakeFiles/ggml-cuda.dir/pad.cu.o
#19 36.54 [ 46%] Linking CXX shared module ../../bin/libggml-cpu-ivybridge.so
#19 36.64 [ 46%] Built target ggml-cpu-ivybridge
#19 36.64 [ 46%] Building CUDA object ggml/src/ggml-cuda/CMakeFiles/ggml-cuda.dir/pad_reflect_1d.cu.o
#19 37.47 [ 46%] Building CUDA object ggml/src/ggml-cuda/CMakeFiles/ggml-cuda.dir/pool1d.cu.o
#19 38.10 [ 46%] Building CUDA object ggml/src/ggml-cuda/CMakeFiles/ggml-cuda.dir/pool2d.cu.o
#19 38.15 [ 46%] Building CUDA object ggml/src/ggml-cuda/CMakeFiles/ggml-cuda.dir/quantize.cu.o
#19 38.69 [ 46%] Linking CXX shared module ../../bin/libggml-cpu-zen4.so
#19 38.80 [ 46%] Built target ggml-cpu-zen4
#19 38.80 [ 47%] Building CUDA object ggml/src/ggml-cuda/CMakeFiles/ggml-cuda.dir/roll.cu.o
#19 38.85 [ 47%] Linking CXX shared module ../../bin/libggml-cpu-cooperlake.so
#19 38.90 [ 47%] Building CUDA object ggml/src/ggml-cuda/CMakeFiles/ggml-cuda.dir/rope.cu.o
#19 38.95 [ 47%] Built target ggml-cpu-cooperlake
#19 38.96 [ 47%] Building CUDA object ggml/src/ggml-cuda/CMakeFiles/ggml-cuda.dir/scale.cu.o
#19 38.97 [ 47%] Building CUDA object ggml/src/ggml-cuda/CMakeFiles/ggml-cuda.dir/set-rows.cu.o
#19 39.20 [ 47%] Building CUDA object ggml/src/ggml-cuda/CMakeFiles/ggml-cuda.dir/set.cu.o
#19 39.47 [ 47%] Building CUDA object ggml/src/ggml-cuda/CMakeFiles/ggml-cuda.dir/snake.cu.o
#19 39.92 [ 47%] Building CUDA object ggml/src/ggml-cuda/CMakeFiles/ggml-cuda.dir/softcap.cu.o
#19 39.96 [ 48%] Building CUDA object ggml/src/ggml-cuda/CMakeFiles/ggml-cuda.dir/softmax.cu.o
#19 40.09 [ 48%] Building CUDA object ggml/src/ggml-cuda/CMakeFiles/ggml-cuda.dir/solve_tri.cu.o
#19 40.15 [ 48%] Building CUDA object ggml/src/ggml-cuda/CMakeFiles/ggml-cuda.dir/ssm-conv.cu.o
#19 40.29 [ 48%] Building CUDA object ggml/src/ggml-cuda/CMakeFiles/ggml-cuda.dir/ssm-scan.cu.o
#19 40.49 [ 48%] Building CUDA object ggml/src/ggml-cuda/CMakeFiles/ggml-cuda.dir/sum.cu.o
#19 40.64 [ 48%] Linking CXX shared module ../../bin/libggml-cpu-skylakex.so
#19 40.70 [ 48%] Building CUDA object ggml/src/ggml-cuda/CMakeFiles/ggml-cuda.dir/sumrows.cu.o
#19 40.74 [ 48%] Built target ggml-cpu-skylakex
#19 40.75 [ 48%] Building CUDA object ggml/src/ggml-cuda/CMakeFiles/ggml-cuda.dir/top-k.cu.o
#19 40.86 [ 48%] Building CUDA object ggml/src/ggml-cuda/CMakeFiles/ggml-cuda.dir/topk-moe.cu.o
#19 41.11 [ 49%] Building CUDA object ggml/src/ggml-cuda/CMakeFiles/ggml-cuda.dir/tri.cu.o
#19 41.38 [ 49%] Building CUDA object ggml/src/ggml-cuda/CMakeFiles/ggml-cuda.dir/tsembd.cu.o
#19 41.85 [ 49%] Building CUDA object ggml/src/ggml-cuda/CMakeFiles/ggml-cuda.dir/turbo-innerq.cu.o
#19 42.03 [ 49%] Building CUDA object ggml/src/ggml-cuda/CMakeFiles/ggml-cuda.dir/turbo-wht.cu.o
#19 42.13 [ 49%] Building CUDA object ggml/src/ggml-cuda/CMakeFiles/ggml-cuda.dir/unary.cu.o
#19 42.47 [ 49%] Building CUDA object ggml/src/ggml-cuda/CMakeFiles/ggml-cuda.dir/upscale.cu.o
#19 42.49 [ 49%] Building CUDA object ggml/src/ggml-cuda/CMakeFiles/ggml-cuda.dir/wkv.cu.o
#19 42.73 [ 49%] Building CUDA object ggml/src/ggml-cuda/CMakeFiles/ggml-cuda.dir/template-instances/fattn-tile-instance-dkq112-dv112.cu.o
#19 42.80 [ 50%] Building CUDA object ggml/src/ggml-cuda/CMakeFiles/ggml-cuda.dir/template-instances/fattn-tile-instance-dkq128-dv128.cu.o
#19 43.15 [ 50%] Building CUDA object ggml/src/ggml-cuda/CMakeFiles/ggml-cuda.dir/template-instances/fattn-tile-instance-dkq192-dv128.cu.o
#19 43.19 [ 50%] Building CUDA object ggml/src/ggml-cuda/CMakeFiles/ggml-cuda.dir/template-instances/fattn-tile-instance-dkq256-dv256.cu.o
#19 43.37 [ 50%] Building CUDA object ggml/src/ggml-cuda/CMakeFiles/ggml-cuda.dir/template-instances/fattn-tile-instance-dkq320-dv256.cu.o
#19 43.62 [ 50%] Building CUDA object ggml/src/ggml-cuda/CMakeFiles/ggml-cuda.dir/template-instances/fattn-tile-instance-dkq40-dv40.cu.o
#19 43.68 [ 50%] Building CUDA object ggml/src/ggml-cuda/CMakeFiles/ggml-cuda.dir/template-instances/fattn-tile-instance-dkq512-dv512.cu.o
#19 44.10 [ 50%] Building CUDA object ggml/src/ggml-cuda/CMakeFiles/ggml-cuda.dir/template-instances/fattn-tile-instance-dkq576-dv512.cu.o
#19 44.57 [ 51%] Building CUDA object ggml/src/ggml-cuda/CMakeFiles/ggml-cuda.dir/template-instances/fattn-tile-instance-dkq64-dv64.cu.o
#19 45.01 [ 51%] Building CUDA object ggml/src/ggml-cuda/CMakeFiles/ggml-cuda.dir/template-instances/fattn-tile-instance-dkq640-dv512.cu.o
#19 45.16 [ 51%] Building CUDA object ggml/src/ggml-cuda/CMakeFiles/ggml-cuda.dir/template-instances/fattn-tile-instance-dkq72-dv72.cu.o
#19 45.74 [ 51%] Building CUDA object ggml/src/ggml-cuda/CMakeFiles/ggml-cuda.dir/template-instances/fattn-tile-instance-dkq80-dv80.cu.o
#19 45.88 [ 51%] Building CUDA object ggml/src/ggml-cuda/CMakeFiles/ggml-cuda.dir/template-instances/fattn-tile-instance-dkq96-dv96.cu.o
#19 45.97 [ 51%] Building CUDA object ggml/src/ggml-cuda/CMakeFiles/ggml-cuda.dir/template-instances/fattn-mma-f16-instance-ncols1_1-ncols2_16.cu.o
#19 46.30 [ 51%] Building CUDA object ggml/src/ggml-cuda/CMakeFiles/ggml-cuda.dir/template-instances/fattn-mma-f16-instance-ncols1_1-ncols2_32.cu.o
#19 46.39 [ 51%] Building CUDA object ggml/src/ggml-cuda/CMakeFiles/ggml-cuda.dir/template-instances/fattn-mma-f16-instance-ncols1_1-ncols2_8.cu.o
#19 46.84 [ 52%] Building CUDA object ggml/src/ggml-cuda/CMakeFiles/ggml-cuda.dir/template-instances/fattn-mma-f16-instance-ncols1_16-ncols2_1.cu.o
#19 47.24 [ 52%] Building CUDA object ggml/src/ggml-cuda/CMakeFiles/ggml-cuda.dir/template-instances/fattn-mma-f16-instance-ncols1_16-ncols2_2.cu.o
#19 47.29 [ 52%] Building CUDA object ggml/src/ggml-cuda/CMakeFiles/ggml-cuda.dir/template-instances/fattn-mma-f16-instance-ncols1_16-ncols2_4.cu.o
#19 47.30 [ 52%] Building CUDA object ggml/src/ggml-cuda/CMakeFiles/ggml-cuda.dir/template-instances/fattn-mma-f16-instance-ncols1_2-ncols2_16.cu.o
#19 47.68 [ 52%] Building CUDA object ggml/src/ggml-cuda/CMakeFiles/ggml-cuda.dir/template-instances/fattn-mma-f16-instance-ncols1_2-ncols2_32.cu.o
#19 48.07 [ 52%] Building CUDA object ggml/src/ggml-cuda/CMakeFiles/ggml-cuda.dir/template-instances/fattn-mma-f16-instance-ncols1_2-ncols2_4.cu.o
#19 48.39 [ 52%] Building CUDA object ggml/src/ggml-cuda/CMakeFiles/ggml-cuda.dir/template-instances/fattn-mma-f16-instance-ncols1_2-ncols2_8.cu.o
#19 48.99 [ 53%] Building CUDA object ggml/src/ggml-cuda/CMakeFiles/ggml-cuda.dir/template-instances/fattn-mma-f16-instance-ncols1_32-ncols2_1.cu.o
#19 49.30 [ 53%] Building CUDA object ggml/src/ggml-cuda/CMakeFiles/ggml-cuda.dir/template-instances/fattn-mma-f16-instance-ncols1_32-ncols2_2.cu.o
#19 50.31 [ 53%] Building CUDA object ggml/src/ggml-cuda/CMakeFiles/ggml-cuda.dir/template-instances/fattn-mma-f16-instance-ncols1_4-ncols2_16.cu.o
#19 50.71 [ 53%] Building CUDA object ggml/src/ggml-cuda/CMakeFiles/ggml-cuda.dir/template-instances/fattn-mma-f16-instance-ncols1_4-ncols2_2.cu.o
#19 58.40 [ 53%] Building CUDA object ggml/src/ggml-cuda/CMakeFiles/ggml-cuda.dir/template-instances/fattn-mma-f16-instance-ncols1_4-ncols2_4.cu.o
#19 59.27 [ 53%] Building CUDA object ggml/src/ggml-cuda/CMakeFiles/ggml-cuda.dir/template-instances/fattn-mma-f16-instance-ncols1_4-ncols2_8.cu.o
#19 59.65 [ 53%] Building CUDA object ggml/src/ggml-cuda/CMakeFiles/ggml-cuda.dir/template-instances/fattn-mma-f16-instance-ncols1_64-ncols2_1.cu.o
#19 62.69 [ 53%] Building CUDA object ggml/src/ggml-cuda/CMakeFiles/ggml-cuda.dir/template-instances/fattn-mma-f16-instance-ncols1_8-ncols2_1.cu.o
#19 63.33 [ 54%] Building CUDA object ggml/src/ggml-cuda/CMakeFiles/ggml-cuda.dir/template-instances/fattn-mma-f16-instance-ncols1_8-ncols2_2.cu.o
#19 63.79 [ 54%] Building CUDA object ggml/src/ggml-cuda/CMakeFiles/ggml-cuda.dir/template-instances/fattn-mma-f16-instance-ncols1_8-ncols2_4.cu.o
#19 65.36 [ 54%] Building CUDA object ggml/src/ggml-cuda/CMakeFiles/ggml-cuda.dir/template-instances/fattn-mma-f16-instance-ncols1_8-ncols2_8.cu.o
#19 65.82 [ 54%] Building CUDA object ggml/src/ggml-cuda/CMakeFiles/ggml-cuda.dir/template-instances/fattn-mma-turbo-instance-dkq128-ncols1_1-ncols2_8.cu.o
#19 67.59 [ 54%] Building CUDA object ggml/src/ggml-cuda/CMakeFiles/ggml-cuda.dir/template-instances/fattn-mma-turbo-instance-dkq128-ncols1_2-ncols2_4.cu.o
#19 67.79 [ 54%] Building CUDA object ggml/src/ggml-cuda/CMakeFiles/ggml-cuda.dir/template-instances/fattn-mma-turbo-instance-dkq128-ncols1_2-ncols2_8.cu.o
#19 68.01 [ 54%] Building CUDA object ggml/src/ggml-cuda/CMakeFiles/ggml-cuda.dir/template-instances/fattn-mma-turbo-instance-dkq128-ncols1_4-ncols2_2.cu.o
#19 68.31 [ 54%] Building CUDA object ggml/src/ggml-cuda/CMakeFiles/ggml-cuda.dir/template-instances/fattn-mma-turbo-instance-dkq128-ncols1_4-ncols2_4.cu.o
#19 69.55 [ 55%] Building CUDA object ggml/src/ggml-cuda/CMakeFiles/ggml-cuda.dir/template-instances/fattn-mma-turbo-instance-dkq128-ncols1_4-ncols2_8.cu.o
#19 70.54 [ 55%] Building CUDA object ggml/src/ggml-cuda/CMakeFiles/ggml-cuda.dir/template-instances/fattn-mma-turbo-instance-dkq128-ncols1_8-ncols2_1.cu.o
#19 71.22 [ 55%] Building CUDA object ggml/src/ggml-cuda/CMakeFiles/ggml-cuda.dir/template-instances/fattn-mma-turbo-instance-dkq256-ncols1_1-ncols2_8.cu.o
#19 75.35 [ 55%] Building CUDA object ggml/src/ggml-cuda/CMakeFiles/ggml-cuda.dir/template-instances/fattn-mma-turbo-instance-dkq256-ncols1_2-ncols2_4.cu.o
#19 76.60 [ 55%] Building CUDA object ggml/src/ggml-cuda/CMakeFiles/ggml-cuda.dir/template-instances/fattn-mma-turbo-instance-dkq256-ncols1_2-ncols2_8.cu.o
#19 76.71 [ 55%] Building CUDA object ggml/src/ggml-cuda/CMakeFiles/ggml-cuda.dir/template-instances/fattn-mma-turbo-instance-dkq256-ncols1_4-ncols2_2.cu.o
#19 79.68 [ 55%] Building CUDA object ggml/src/ggml-cuda/CMakeFiles/ggml-cuda.dir/template-instances/fattn-mma-turbo-instance-dkq256-ncols1_4-ncols2_4.cu.o
#19 80.44 [ 56%] Building CUDA object ggml/src/ggml-cuda/CMakeFiles/ggml-cuda.dir/template-instances/fattn-mma-turbo-instance-dkq256-ncols1_4-ncols2_8.cu.o
#19 80.62 [ 56%] Building CUDA object ggml/src/ggml-cuda/CMakeFiles/ggml-cuda.dir/template-instances/fattn-mma-turbo-instance-dkq256-ncols1_8-ncols2_1.cu.o
#19 80.91 [ 56%] Building CUDA object ggml/src/ggml-cuda/CMakeFiles/ggml-cuda.dir/template-instances/fattn-mma-turbo-instance-dkq256-ncols1_8-ncols2_8.cu.o
#19 85.76 [ 56%] Building CUDA object ggml/src/ggml-cuda/CMakeFiles/ggml-cuda.dir/template-instances/mmq-instance-iq1_s.cu.o
#19 87.52 [ 56%] Building CUDA object ggml/src/ggml-cuda/CMakeFiles/ggml-cuda.dir/template-instances/mmq-instance-iq2_s.cu.o
#19 87.92 [ 56%] Building CUDA object ggml/src/ggml-cuda/CMakeFiles/ggml-cuda.dir/template-instances/mmq-instance-iq2_xs.cu.o
#19 89.54 [ 56%] Building CUDA object ggml/src/ggml-cuda/CMakeFiles/ggml-cuda.dir/template-instances/mmq-instance-iq2_xxs.cu.o
#19 89.97 [ 56%] Building CUDA object ggml/src/ggml-cuda/CMakeFiles/ggml-cuda.dir/template-instances/mmq-instance-iq3_s.cu.o
#19 90.04 [ 57%] Building CUDA object ggml/src/ggml-cuda/CMakeFiles/ggml-cuda.dir/template-instances/mmq-instance-iq3_xxs.cu.o
#19 90.26 [ 57%] Building CUDA object ggml/src/ggml-cuda/CMakeFiles/ggml-cuda.dir/template-instances/mmq-instance-iq4_nl.cu.o
#19 90.70 [ 57%] Building CUDA object ggml/src/ggml-cuda/CMakeFiles/ggml-cuda.dir/template-instances/mmq-instance-iq4_xs.cu.o
#19 97.27 [ 57%] Building CUDA object ggml/src/ggml-cuda/CMakeFiles/ggml-cuda.dir/template-instances/mmq-instance-mxfp4.cu.o
#19 99.77 [ 57%] Building CUDA object ggml/src/ggml-cuda/CMakeFiles/ggml-cuda.dir/template-instances/mmq-instance-nvfp4.cu.o
#19 100.6 [ 57%] Building CUDA object ggml/src/ggml-cuda/CMakeFiles/ggml-cuda.dir/template-instances/mmq-instance-pq2_0.cu.o
#19 100.9 [ 57%] Building CUDA object ggml/src/ggml-cuda/CMakeFiles/ggml-cuda.dir/template-instances/mmq-instance-ptq1_0.cu.o
#19 101.8 [ 58%] Building CUDA object ggml/src/ggml-cuda/CMakeFiles/ggml-cuda.dir/template-instances/mmq-instance-q1_0.cu.o
#19 102.2 [ 58%] Building CUDA object ggml/src/ggml-cuda/CMakeFiles/ggml-cuda.dir/template-instances/mmq-instance-q2_0.cu.o
#19 107.5 [ 58%] Building CUDA object ggml/src/ggml-cuda/CMakeFiles/ggml-cuda.dir/template-instances/mmq-instance-q2_k.cu.o
#19 109.2 [ 58%] Building CUDA object ggml/src/ggml-cuda/CMakeFiles/ggml-cuda.dir/template-instances/mmq-instance-q3_k.cu.o
#19 109.4 [ 58%] Building CUDA object ggml/src/ggml-cuda/CMakeFiles/ggml-cuda.dir/template-instances/mmq-instance-q4_0.cu.o
#19 109.5 [ 58%] Building CUDA object ggml/src/ggml-cuda/CMakeFiles/ggml-cuda.dir/template-instances/mmq-instance-q4_1.cu.o
#19 111.2 [ 58%] Building CUDA object ggml/src/ggml-cuda/CMakeFiles/ggml-cuda.dir/template-instances/mmq-instance-q4_k.cu.o
#19 112.6 [ 58%] Building CUDA object ggml/src/ggml-cuda/CMakeFiles/ggml-cuda.dir/template-instances/mmq-instance-q5_0.cu.o
#19 117.9 [ 59%] Building CUDA object ggml/src/ggml-cuda/CMakeFiles/ggml-cuda.dir/template-instances/mmq-instance-q5_1.cu.o
#19 119.7 [ 59%] Building CUDA object ggml/src/ggml-cuda/CMakeFiles/ggml-cuda.dir/template-instances/mmq-instance-q5_k.cu.o
#19 120.4 [ 59%] Building CUDA object ggml/src/ggml-cuda/CMakeFiles/ggml-cuda.dir/template-instances/mmq-instance-q6_k.cu.o
#19 120.5 [ 59%] Building CUDA object ggml/src/ggml-cuda/CMakeFiles/ggml-cuda.dir/template-instances/mmq-instance-q8_0.cu.o
#19 121.2 [ 59%] Building CUDA object ggml/src/ggml-cuda/CMakeFiles/ggml-cuda.dir/template-instances/mmq-instance-tq4_1s.cu.o
#19 121.8 [ 59%] Building CUDA object ggml/src/ggml-cuda/CMakeFiles/ggml-cuda.dir/template-instances/mmf-instance-ncols_1.cu.o
#19 122.4 /app/ggml/src/ggml-cuda/exl3-gemv.cu: In function 'void exl3_gemv_raw(const ggml_tensor*, const half*, float*, int, int, cudaStream_t)':
#19 122.4 /app/ggml/src/ggml-cuda/exl3-gemv.cu:637:58: warning: cast from type 'const half*' to type 'half2*' casts away qualifiers [-Wcast-qual]
#19 122.4   637 |     a.trellis = (const uint32_t *) src0->data; a.x = (half2 *) xh; a.out = out;
#19 122.4       |                                                          ^~~~~~~~~~~
#19 123.4 [ 59%] Building CUDA object ggml/src/ggml-cuda/CMakeFiles/ggml-cuda.dir/template-instances/mmf-instance-ncols_10.cu.o
#19 126.0 [ 59%] Building CUDA object ggml/src/ggml-cuda/CMakeFiles/ggml-cuda.dir/template-instances/mmf-instance-ncols_11.cu.o
#19 128.6 [ 60%] Building CUDA object ggml/src/ggml-cuda/CMakeFiles/ggml-cuda.dir/template-instances/mmf-instance-ncols_12.cu.o
#19 129.5 [ 60%] Building CUDA object ggml/src/ggml-cuda/CMakeFiles/ggml-cuda.dir/template-instances/mmf-instance-ncols_13.cu.o
#19 130.7 [ 60%] Building CUDA object ggml/src/ggml-cuda/CMakeFiles/ggml-cuda.dir/template-instances/mmf-instance-ncols_14.cu.o
#19 131.3 [ 60%] Building CUDA object ggml/src/ggml-cuda/CMakeFiles/ggml-cuda.dir/template-instances/mmf-instance-ncols_15.cu.o
#19 133.4 [ 60%] Building CUDA object ggml/src/ggml-cuda/CMakeFiles/ggml-cuda.dir/template-instances/mmf-instance-ncols_16.cu.o
#19 136.3 [ 60%] Building CUDA object ggml/src/ggml-cuda/CMakeFiles/ggml-cuda.dir/template-instances/mmf-instance-ncols_2.cu.o
#19 136.3 [ 60%] Building CUDA object ggml/src/ggml-cuda/CMakeFiles/ggml-cuda.dir/template-instances/mmf-instance-ncols_3.cu.o
#19 140.7 [ 61%] Building CUDA object ggml/src/ggml-cuda/CMakeFiles/ggml-cuda.dir/template-instances/mmf-instance-ncols_4.cu.o
#19 141.5 [ 61%] Building CUDA object ggml/src/ggml-cuda/CMakeFiles/ggml-cuda.dir/template-instances/mmf-instance-ncols_5.cu.o
#19 141.5 [ 61%] Building CUDA object ggml/src/ggml-cuda/CMakeFiles/ggml-cuda.dir/template-instances/mmf-instance-ncols_6.cu.o
#19 144.0 [ 61%] Building CUDA object ggml/src/ggml-cuda/CMakeFiles/ggml-cuda.dir/template-instances/mmf-instance-ncols_7.cu.o
#19 145.6 [ 61%] Building CUDA object ggml/src/ggml-cuda/CMakeFiles/ggml-cuda.dir/template-instances/mmf-instance-ncols_8.cu.o
#19 146.2 [ 61%] Building CUDA object ggml/src/ggml-cuda/CMakeFiles/ggml-cuda.dir/template-instances/mmf-instance-ncols_9.cu.o
#19 146.5 [ 61%] Building CUDA object ggml/src/ggml-cuda/CMakeFiles/ggml-cuda.dir/template-instances/fattn-vec-instance-f16-f16.cu.o
#19 146.8 [ 61%] Building CUDA object ggml/src/ggml-cuda/CMakeFiles/ggml-cuda.dir/template-instances/fattn-vec-instance-q4_0-q4_0.cu.o
#19 146.9 [ 62%] Building CUDA object ggml/src/ggml-cuda/CMakeFiles/ggml-cuda.dir/template-instances/fattn-vec-instance-q8_0-q8_0.cu.o
#19 148.0 [ 62%] Building CUDA object ggml/src/ggml-cuda/CMakeFiles/ggml-cuda.dir/template-instances/fattn-vec-instance-bf16-bf16.cu.o
#19 148.9 [ 62%] Building CUDA object ggml/src/ggml-cuda/CMakeFiles/ggml-cuda.dir/template-instances/fattn-vec-instance-f16-q8_0.cu.o
#19 149.3 [ 62%] Building CUDA object ggml/src/ggml-cuda/CMakeFiles/ggml-cuda.dir/template-instances/fattn-vec-instance-q8_0-f16.cu.o
#19 150.1 [ 62%] Building CUDA object ggml/src/ggml-cuda/CMakeFiles/ggml-cuda.dir/template-instances/fattn-vec-instance-bf16-q8_0.cu.o
#19 150.2 [ 62%] Building CUDA object ggml/src/ggml-cuda/CMakeFiles/ggml-cuda.dir/template-instances/fattn-vec-instance-q8_0-bf16.cu.o
#19 151.2 [ 62%] Building CUDA object ggml/src/ggml-cuda/CMakeFiles/ggml-cuda.dir/template-instances/fattn-vec-instance-turbo2_0-turbo2_0.cu.o
#19 151.6 [ 63%] Building CUDA object ggml/src/ggml-cuda/CMakeFiles/ggml-cuda.dir/template-instances/fattn-vec-instance-turbo2_0-q8_0.cu.o
#19 152.0 [ 63%] Building CUDA object ggml/src/ggml-cuda/CMakeFiles/ggml-cuda.dir/template-instances/fattn-vec-instance-q8_0-turbo2_0.cu.o
#19 152.3 [ 63%] Building CUDA object ggml/src/ggml-cuda/CMakeFiles/ggml-cuda.dir/template-instances/fattn-vec-instance-f16-turbo2_0.cu.o
#19 152.5 [ 63%] Building CUDA object ggml/src/ggml-cuda/CMakeFiles/ggml-cuda.dir/template-instances/fattn-vec-instance-turbo2_0-f16.cu.o
#19 152.6 [ 63%] Building CUDA object ggml/src/ggml-cuda/CMakeFiles/ggml-cuda.dir/template-instances/fattn-vec-instance-turbo2_0-turbo3_0.cu.o
#19 153.8 [ 63%] Building CUDA object ggml/src/ggml-cuda/CMakeFiles/ggml-cuda.dir/template-instances/fattn-vec-instance-turbo2_0-turbo4_0.cu.o
#19 154.0 [ 63%] Building CUDA object ggml/src/ggml-cuda/CMakeFiles/ggml-cuda.dir/template-instances/fattn-vec-instance-turbo3_0-turbo3_0.cu.o
#19 155.9 [ 63%] Building CUDA object ggml/src/ggml-cuda/CMakeFiles/ggml-cuda.dir/template-instances/fattn-vec-instance-turbo3_0-q8_0.cu.o
#19 156.1 [ 64%] Building CUDA object ggml/src/ggml-cuda/CMakeFiles/ggml-cuda.dir/template-instances/fattn-vec-instance-q8_0-turbo3_0.cu.o
#19 157.2 [ 64%] Building CUDA object ggml/src/ggml-cuda/CMakeFiles/ggml-cuda.dir/template-instances/fattn-vec-instance-f16-turbo3_0.cu.o
#19 157.4 [ 64%] Building CUDA object ggml/src/ggml-cuda/CMakeFiles/ggml-cuda.dir/template-instances/fattn-vec-instance-turbo3_0-f16.cu.o
#19 157.5 [ 64%] Building CUDA object ggml/src/ggml-cuda/CMakeFiles/ggml-cuda.dir/template-instances/fattn-vec-instance-turbo3_0-turbo2_0.cu.o
#19 158.2 [ 64%] Building CUDA object ggml/src/ggml-cuda/CMakeFiles/ggml-cuda.dir/template-instances/fattn-vec-instance-turbo3_0-turbo4_0.cu.o
#19 159.0 [ 64%] Building CUDA object ggml/src/ggml-cuda/CMakeFiles/ggml-cuda.dir/template-instances/fattn-vec-instance-turbo4_0-turbo4_0.cu.o
#19 159.8 [ 64%] Building CUDA object ggml/src/ggml-cuda/CMakeFiles/ggml-cuda.dir/template-instances/fattn-vec-instance-turbo4_0-q8_0.cu.o
#19 160.2 [ 65%] Building CUDA object ggml/src/ggml-cuda/CMakeFiles/ggml-cuda.dir/template-instances/fattn-vec-instance-q8_0-turbo4_0.cu.o
#19 161.1 [ 65%] Building CUDA object ggml/src/ggml-cuda/CMakeFiles/ggml-cuda.dir/template-instances/fattn-vec-instance-f16-turbo4_0.cu.o
#19 162.0 [ 65%] Building CUDA object ggml/src/ggml-cuda/CMakeFiles/ggml-cuda.dir/template-instances/fattn-vec-instance-turbo4_0-f16.cu.o
#19 163.8 [ 65%] Building CUDA object ggml/src/ggml-cuda/CMakeFiles/ggml-cuda.dir/template-instances/fattn-vec-instance-turbo4_0-turbo2_0.cu.o
#19 164.3 [ 65%] Building CUDA object ggml/src/ggml-cuda/CMakeFiles/ggml-cuda.dir/template-instances/fattn-vec-instance-turbo4_0-turbo3_0.cu.o
#19 164.5 [ 65%] Building CUDA object ggml/src/ggml-cuda/CMakeFiles/ggml-cuda.dir/template-instances/fattn-vec-instance-tq6_0-tq6_0.cu.o
#19 165.0 [ 65%] Building CUDA object ggml/src/ggml-cuda/CMakeFiles/ggml-cuda.dir/template-instances/fattn-vec-instance-tq6_0-turbo3_0.cu.o
#19 165.4 [ 65%] Building CUDA object ggml/src/ggml-cuda/CMakeFiles/ggml-cuda.dir/template-instances/fattn-vec-instance-tq6_0-q8_0.cu.o
#19 165.6 [ 66%] Building CUDA object ggml/src/ggml-cuda/CMakeFiles/ggml-cuda.dir/template-instances/fattn-vec-instance-tq6_0-f16.cu.o
#19 165.9 [ 66%] Building CUDA object ggml/src/ggml-cuda/CMakeFiles/ggml-cuda.dir/template-instances/fattn-vec-instance-q8_0-tq6_0.cu.o
#19 166.0 [ 66%] Building CUDA object ggml/src/ggml-cuda/CMakeFiles/ggml-cuda.dir/template-instances/fattn-vec-instance-f16-tq6_0.cu.o
#19 166.2 [ 66%] Building CUDA object ggml/src/ggml-cuda/CMakeFiles/ggml-cuda.dir/template-instances/fattn-vec-instance-tq5_0-tq5_0.cu.o
#19 168.1 [ 66%] Building CUDA object ggml/src/ggml-cuda/CMakeFiles/ggml-cuda.dir/template-instances/fattn-vec-instance-tq5_0-turbo3_0.cu.o
#19 168.1 [ 66%] Building CUDA object ggml/src/ggml-cuda/CMakeFiles/ggml-cuda.dir/template-instances/fattn-vec-instance-tq5_0-q8_0.cu.o
#19 168.3 [ 66%] Building CUDA object ggml/src/ggml-cuda/CMakeFiles/ggml-cuda.dir/template-instances/fattn-vec-instance-tq5_0-f16.cu.o
#19 169.4 [ 66%] Building CUDA object ggml/src/ggml-cuda/CMakeFiles/ggml-cuda.dir/template-instances/fattn-vec-instance-q8_0-tq5_0.cu.o
#19 171.6 [ 67%] Building CUDA object ggml/src/ggml-cuda/CMakeFiles/ggml-cuda.dir/template-instances/fattn-vec-instance-f16-tq5_0.cu.o
#19 290.3 [ 67%] Linking CUDA shared module ../../../bin/libggml-cuda.so
#19 290.7 [ 67%] Built target ggml-cuda
#19 290.8 [ 67%] Building CXX object ggml/src/CMakeFiles/ggml.dir/ggml-backend-dl.cpp.o
#19 290.8 [ 67%] Building CXX object ggml/src/CMakeFiles/ggml.dir/ggml-backend-reg.cpp.o
#19 291.9 [ 67%] Linking CXX shared library ../../bin/libggml.so
#19 292.0 [ 67%] Built target ggml
#19 292.0 [ 67%] Building CXX object examples/gguf-hash/CMakeFiles/llama-gguf-hash.dir/gguf-hash.cpp.o
#19 292.0 [ 67%] Building CXX object examples/gguf/CMakeFiles/llama-gguf.dir/gguf.cpp.o
#19 292.0 [ 67%] Building CXX object src/CMakeFiles/llama.dir/Unity/unity_9_cxx.cxx.o
#19 292.0 [ 67%] Building CXX object src/CMakeFiles/llama.dir/Unity/unity_8_cxx.cxx.o
#19 292.0 [ 67%] Building CXX object src/CMakeFiles/llama.dir/Unity/unity_6_cxx.cxx.o
#19 292.0 [ 67%] Building CXX object src/CMakeFiles/llama.dir/Unity/unity_7_cxx.cxx.o
#19 292.0 [ 68%] Building CXX object src/CMakeFiles/llama.dir/Unity/unity_4_cxx.cxx.o
#19 292.0 [ 68%] Building CXX object src/CMakeFiles/llama.dir/Unity/unity_5_cxx.cxx.o
#19 292.0 [ 68%] Building CXX object src/CMakeFiles/llama.dir/Unity/unity_2_cxx.cxx.o
#19 292.0 [ 68%] Building CXX object src/CMakeFiles/llama.dir/Unity/unity_3_cxx.cxx.o
#19 292.0 [ 68%] Building CXX object src/CMakeFiles/llama.dir/Unity/unity_1_cxx.cxx.o
#19 292.0 [ 68%] Building CXX object src/CMakeFiles/llama.dir/llama.cpp.o
#19 292.0 [ 68%] Building CXX object src/CMakeFiles/llama.dir/Unity/unity_0_cxx.cxx.o
#19 292.0 [ 68%] Building CXX object src/CMakeFiles/llama.dir/llama-adapter.cpp.o
#19 292.0 [ 68%] Building CXX object src/CMakeFiles/llama.dir/llama-arch.cpp.o
#19 292.0 [ 69%] Building CXX object src/CMakeFiles/llama.dir/llama-batch.cpp.o
#19 292.0 [ 69%] Building CXX object src/CMakeFiles/llama.dir/llama-chat.cpp.o
#19 292.0 [ 69%] Building CXX object src/CMakeFiles/llama.dir/llama-context.cpp.o
#19 292.0 [ 69%] Building CXX object src/CMakeFiles/llama.dir/llama-graph.cpp.o
#19 292.0 [ 69%] Building CXX object src/CMakeFiles/llama.dir/llama-grammar.cpp.o
#19 292.0 [ 69%] Building CXX object src/CMakeFiles/llama.dir/llama-hparams.cpp.o
#19 292.0 [ 69%] Building CXX object src/CMakeFiles/llama.dir/llama-io.cpp.o
#19 292.0 [ 69%] Building CXX object src/CMakeFiles/llama.dir/llama-kv-cache.cpp.o
#19 292.0 [ 69%] Building CXX object src/CMakeFiles/llama.dir/llama-kv-cache-iswa.cpp.o
#19 292.0 [ 69%] Building CXX object src/CMakeFiles/llama.dir/llama-cparams.cpp.o
#19 292.0 [ 69%] Building CXX object src/CMakeFiles/llama.dir/llama-kv-cache-dsa.cpp.o
#19 292.0 [ 70%] Building CXX object src/CMakeFiles/llama.dir/llama-kv-cache-msa.cpp.o
#19 292.0 [ 70%] Building CXX object src/CMakeFiles/llama.dir/llama-impl.cpp.o
#19 292.0 [ 70%] Building CXX object src/CMakeFiles/llama.dir/llama-kv-cache-dsv4.cpp.o
#19 292.0 [ 70%] Building CXX object src/CMakeFiles/llama.dir/llama-kv-cache-dsa-iswa.cpp.o
#19 292.1 [ 71%] Building CXX object src/CMakeFiles/llama.dir/llama-kv-stream-config.cpp.o
#19 292.2 [ 71%] Building CXX object src/CMakeFiles/llama.dir/llama-kv-stream-plan.cpp.o
#19 292.4 [ 71%] Building CXX object src/CMakeFiles/llama.dir/llama-memory.cpp.o
#19 292.4 [ 71%] Building CXX object src/CMakeFiles/llama.dir/llama-memory-hybrid.cpp.o
#19 292.5 [ 71%] Linking CXX executable ../../bin/llama-gguf
#19 292.6 [ 71%] Built target llama-gguf
#19 292.6 [ 71%] Building CXX object src/CMakeFiles/llama.dir/llama-memory-hybrid-iswa.cpp.o
#19 292.6 [ 71%] Building CXX object src/CMakeFiles/llama.dir/llama-memory-hybrid-idx.cpp.o
#19 292.6 [ 71%] Building CXX object src/CMakeFiles/llama.dir/llama-memory-recurrent.cpp.o
#19 292.6 [ 71%] Linking CXX executable ../../bin/llama-gguf-hash
#19 292.7 [ 71%] Built target llama-gguf-hash
#19 292.7 [ 71%] Building CXX object src/CMakeFiles/llama.dir/llama-mmap.cpp.o
#19 292.7 [ 72%] Building CXX object src/CMakeFiles/llama.dir/llama-model-loader.cpp.o
#19 293.1 [ 72%] Building CXX object src/CMakeFiles/llama.dir/llama-model-saver.cpp.o
#19 293.5 [ 72%] Building CXX object src/CMakeFiles/llama.dir/llama-model.cpp.o
#19 293.5 [ 72%] Building CXX object src/CMakeFiles/llama.dir/llama-mtp-vocab-builtin.cpp.o
#19 293.7 [ 72%] Building CXX object src/CMakeFiles/llama.dir/llama-quant.cpp.o
#19 293.7 [ 72%] Building CXX object src/CMakeFiles/llama.dir/llama-sampler.cpp.o
#19 293.8 [ 72%] Building CXX object src/CMakeFiles/llama.dir/llama-vocab.cpp.o
#19 293.8 [ 73%] Building CXX object src/CMakeFiles/llama.dir/unicode-data.cpp.o
#19 293.9 [ 73%] Building CXX object src/CMakeFiles/llama.dir/unicode.cpp.o
#19 303.5 [ 73%] Linking CXX shared library ../bin/libllama.so
#19 303.6 [ 73%] Built target llama
#19 303.7 [ 73%] Building CXX object examples/simple/CMakeFiles/llama-simple.dir/simple.cpp.o
#19 303.7 [ 73%] Building CXX object examples/simple-chat/CMakeFiles/llama-simple-chat.dir/simple-chat.cpp.o
#19 303.7 [ 74%] Building CXX object common/CMakeFiles/llama-common.dir/parsers/parsers.cpp.o
#19 303.7 [ 74%] Building CXX object common/CMakeFiles/llama-common.dir/parsers/cohere2moe.cpp.o
#19 303.7 [ 74%] Building CXX object common/CMakeFiles/llama-common.dir/parsers/deepseek.cpp.o
#19 303.7 [ 74%] Building CXX object tools/mtmd/CMakeFiles/mtmd.dir/mtmd.cpp.o
#19 303.7 [ 74%] Building CXX object common/CMakeFiles/llama-common.dir/parsers/functionary-v3-2.cpp.o
#19 303.7 [ 74%] Building CXX object common/CMakeFiles/llama-common.dir/parsers/gemma4.cpp.o
#19 303.7 [ 74%] Building CXX object tools/mtmd/CMakeFiles/mtmd.dir/mtmd-audio.cpp.o
#19 303.7 [ 74%] Building CXX object tools/mtmd/CMakeFiles/mtmd.dir/mtmd-image.cpp.o
#19 303.7 [ 74%] Building CXX object tools/mtmd/CMakeFiles/mtmd.dir/mtmd-helper.cpp.o
#19 303.7 [ 74%] Building CXX object common/CMakeFiles/llama-common.dir/parsers/kimi-k2.cpp.o
#19 303.7 [ 74%] Building CXX object common/CMakeFiles/llama-common.dir/parsers/gpt-oss.cpp.o
#19 303.7 [ 74%] Building CXX object common/CMakeFiles/llama-common.dir/parsers/gigachat-v3.cpp.o
#19 303.7 [ 74%] Building CXX object tools/mtmd/CMakeFiles/mtmd.dir/mtmd-helper-gen.cpp.o
#19 303.7 [ 74%] Building CXX object tools/mtmd/CMakeFiles/mtmd.dir/clip.cpp.o
#19 303.7 [ 75%] Building CXX object common/CMakeFiles/llama-common.dir/parsers/kimi-k3.cpp.o
#19 303.7 [ 75%] Building CXX object tools/mtmd/CMakeFiles/mtmd.dir/models/conformer.cpp.o
#19 303.7 [ 75%] Building CXX object common/CMakeFiles/llama-common.dir/parsers/minicpm5.cpp.o
#19 303.7 [ 75%] Building CXX object tools/mtmd/CMakeFiles/mtmd.dir/models/dotsocr.cpp.o
#19 303.7 [ 75%] Building CXX object tools/mtmd/CMakeFiles/mtmd.dir/models/dots3note.cpp.o
#19 303.7 [ 75%] Building CXX object common/CMakeFiles/llama-common.dir/parsers/minimax-m3.cpp.o
#19 303.7 [ 75%] Building CXX object common/CMakeFiles/llama-common.dir/parsers/ministral3.cpp.o
#19 303.7 [ 75%] Building CXX object tools/mtmd/CMakeFiles/mtmd.dir/models/deepseek4v.cpp.o
#19 303.7 [ 75%] Building CXX object common/CMakeFiles/llama-common.dir/parsers/lfm2.cpp.o
#19 303.7 [ 75%] Building CXX object common/CMakeFiles/llama-common.dir/parsers/ling3.cpp.o
#19 303.7 [ 76%] Building CXX object tools/mtmd/CMakeFiles/mtmd.dir/models/gemma4a.cpp.o
#19 303.7 [ 77%] Building CXX object tools/mtmd/CMakeFiles/mtmd.dir/models/gemma4v.cpp.o
#19 303.7 [ 76%] Building CXX object tools/mtmd/CMakeFiles/mtmd.dir/models/cogvlm.cpp.o
#19 303.7 [ 77%] Building CXX object tools/mtmd/CMakeFiles/mtmd.dir/models/exaone4_5.cpp.o
#19 304.0 [ 77%] Linking CXX executable ../../bin/llama-simple
#19 304.1 [ 77%] Built target llama-simple
#19 304.1 [ 77%] Building CXX object tools/mtmd/CMakeFiles/mtmd.dir/models/gemma4ua.cpp.o
#19 304.2 [ 77%] Linking CXX executable ../../bin/llama-simple-chat
#19 304.3 [ 77%] Built target llama-simple-chat
#19 304.3 [ 77%] Building CXX object tools/mtmd/CMakeFiles/mtmd.dir/models/gemma4uv.cpp.o
#19 304.6 [ 77%] Building CXX object tools/mtmd/CMakeFiles/mtmd.dir/models/glm4v.cpp.o
#19 304.6 [ 77%] Building CXX object tools/mtmd/CMakeFiles/mtmd.dir/models/granite-speech.cpp.o
#19 304.6 [ 77%] Building CXX object tools/mtmd/CMakeFiles/mtmd.dir/models/granite4-vision.cpp.o
#19 304.6 [ 77%] Building CXX object tools/mtmd/CMakeFiles/mtmd.dir/models/hunyuanvl.cpp.o
#19 304.6 [ 77%] Building CXX object common/CMakeFiles/llama-common.dir/parsers/muse-glimmer.cpp.o
#19 304.6 [ 77%] Building CXX object tools/mtmd/CMakeFiles/mtmd.dir/models/internvl.cpp.o
#19 304.7 [ 78%] Building CXX object tools/mtmd/CMakeFiles/mtmd.dir/models/kimivl.cpp.o
#19 304.7 [ 78%] Building CXX object tools/mtmd/CMakeFiles/mtmd.dir/models/kimik25.cpp.o
#19 305.0 [ 78%] Building CXX object tools/mtmd/CMakeFiles/mtmd.dir/models/nemotron-v2-vl.cpp.o
#19 305.2 [ 78%] Building CXX object tools/mtmd/CMakeFiles/mtmd.dir/models/muse-glimmer.cpp.o
#19 305.5 [ 79%] Building CXX object common/CMakeFiles/llama-common.dir/parsers/qwen3-coder.cpp.o
#19 305.5 [ 79%] Building CXX object tools/mtmd/CMakeFiles/mtmd.dir/models/llama4.cpp.o
#19 305.5 [ 79%] Building CXX object tools/mtmd/CMakeFiles/mtmd.dir/models/llava.cpp.o
#19 305.6 [ 79%] Building CXX object tools/mtmd/CMakeFiles/mtmd.dir/models/minicpmv.cpp.o
#19 305.6 [ 79%] Building CXX object tools/mtmd/CMakeFiles/mtmd.dir/models/paddleocr.cpp.o
#19 305.6 [ 80%] Building CXX object tools/mtmd/CMakeFiles/mtmd.dir/models/pixtral.cpp.o
#19 305.7 [ 80%] Building CXX object tools/mtmd/CMakeFiles/mtmd.dir/models/qwen2vl.cpp.o
#19 305.9 [ 80%] Building CXX object tools/mtmd/CMakeFiles/mtmd.dir/models/minimax-m3.cpp.o
#19 306.1 [ 80%] Building CXX object common/CMakeFiles/llama-common.dir/arg.cpp.o
#19 306.2 [ 80%] Building CXX object common/CMakeFiles/llama-common.dir/chat-auto-parser-generator.cpp.o
#19 306.2 [ 80%] Building CXX object common/CMakeFiles/llama-common.dir/chat-auto-parser-helpers.cpp.o
#19 306.2 [ 80%] Building CXX object common/CMakeFiles/llama-common.dir/chat-diff-analyzer.cpp.o
#19 306.3 [ 80%] Building CXX object common/CMakeFiles/llama-common.dir/chat-peg-parser.cpp.o
#19 306.3 [ 80%] Building CXX object common/CMakeFiles/llama-common.dir/chat.cpp.o
#19 306.4 [ 80%] Building CXX object common/CMakeFiles/llama-common.dir/common.cpp.o
#19 306.5 [ 81%] Building CXX object common/CMakeFiles/llama-common.dir/console.cpp.o
#19 306.5 [ 81%] Building CXX object common/CMakeFiles/llama-common.dir/debug.cpp.o
#19 306.5 [ 81%] Building CXX object common/CMakeFiles/llama-common.dir/download.cpp.o
#19 306.5 [ 81%] Building CXX object tools/mtmd/CMakeFiles/mtmd.dir/models/qwen3vl.cpp.o
#19 306.5 [ 81%] Building CXX object common/CMakeFiles/llama-common.dir/fit.cpp.o
#19 306.6 [ 81%] Building CXX object common/CMakeFiles/llama-common.dir/hf-cache.cpp.o
#19 306.6 [ 81%] Building CXX object tools/mtmd/CMakeFiles/mtmd.dir/models/ling3vl.cpp.o
#19 306.6 [ 81%] Building CXX object common/CMakeFiles/llama-common.dir/imatrix-loader.cpp.o
#19 306.6 [ 81%] Building CXX object common/CMakeFiles/llama-common.dir/json-schema-to-grammar.cpp.o
#19 306.6 [ 81%] Building CXX object tools/mtmd/CMakeFiles/mtmd.dir/models/mimovl.cpp.o
#19 306.6 [ 82%] Building CXX object common/CMakeFiles/llama-common.dir/json-schema.cpp.o
#19 306.6 [ 82%] Building CXX object common/CMakeFiles/llama-common.dir/json.cpp.o
#19 306.7 [ 82%] Building CXX object common/CMakeFiles/llama-common.dir/llguidance.cpp.o
#19 306.7 [ 82%] Building CXX object tools/mtmd/CMakeFiles/mtmd.dir/models/qwen3a.cpp.o
#19 306.8 [ 83%] Building CXX object tools/mtmd/CMakeFiles/mtmd.dir/models/mimo-audio.cpp.o
#19 306.9 [ 83%] Building CXX object tools/mtmd/CMakeFiles/mtmd.dir/models/qwen3tts-spkenc.cpp.o
#19 306.9 [ 83%] Building CXX object common/CMakeFiles/llama-common.dir/log.cpp.o
#19 307.3 [ 83%] Building CXX object common/CMakeFiles/llama-common.dir/ngram-cache.cpp.o
#19 307.5 [ 83%] Building CXX object common/CMakeFiles/llama-common.dir/ngram-map.cpp.o
#19 307.5 [ 83%] Building CXX object tools/mtmd/CMakeFiles/mtmd.dir/models/qwen3tts-gen.cpp.o
#19 307.6 [ 83%] Building CXX object common/CMakeFiles/llama-common.dir/ngram-mod.cpp.o
#19 307.6 [ 83%] Building CXX object common/CMakeFiles/llama-common.dir/peg-parser.cpp.o
#19 307.6 [ 84%] Building CXX object common/CMakeFiles/llama-common.dir/preset.cpp.o
#19 307.6 [ 84%] Building CXX object tools/mtmd/CMakeFiles/mtmd.dir/models/pockettts-seanet.cpp.o
#19 307.8 [ 84%] Building CXX object tools/mtmd/CMakeFiles/mtmd.dir/models/pockettts-spkenc.cpp.o
#19 307.9 [ 84%] Building CXX object tools/mtmd/CMakeFiles/mtmd.dir/models/pockettts-gen.cpp.o
#19 307.9 [ 84%] Building CXX object tools/mtmd/CMakeFiles/mtmd.dir/models/step3vl.cpp.o
#19 307.9 [ 84%] Building CXX object common/CMakeFiles/llama-common.dir/reasoning-budget.cpp.o
#19 307.9 [ 84%] Building CXX object tools/mtmd/CMakeFiles/mtmd.dir/models/siglip.cpp.o
#19 307.9 [ 84%] Building CXX object common/CMakeFiles/llama-common.dir/sampling.cpp.o
#19 308.2 [ 84%] Building CXX object common/CMakeFiles/llama-common.dir/spec-defaults.cpp.o
#19 308.5 [ 85%] Building CXX object tools/mtmd/CMakeFiles/mtmd.dir/models/whisper-enc.cpp.o
#19 308.6 [ 85%] Building CXX object tools/mtmd/CMakeFiles/mtmd.dir/models/deepseekocr.cpp.o
#19 308.6 [ 85%] Building CXX object tools/mtmd/CMakeFiles/mtmd.dir/models/deepseekocr2.cpp.o
#19 308.7 /app/common/sampling.cpp: In function 'common_sampler* common_sampler_init(const llama_model*, common_params_sampling&)':
#19 308.7 /app/common/sampling.cpp:447:5: warning: missing initializer for member 'common_sampler::pq_stats' [-Wmissing-field-initializers]
#19 308.7   447 |     };
#19 308.7       |     ^
#19 308.7 /app/common/sampling.cpp: In function 'common_sampler* common_sampler_clone(common_sampler*)':
#19 308.7 /app/common/sampling.cpp:540:5: warning: missing initializer for member 'common_sampler::pq_stats' [-Wmissing-field-initializers]
#19 308.7   540 |     };
#19 308.7       |     ^
#19 308.8 [ 85%] Building CXX object tools/mtmd/CMakeFiles/mtmd.dir/models/mobilenetv5.cpp.o
#19 308.8 [ 85%] Building CXX object common/CMakeFiles/llama-common.dir/speculative.cpp.o
#19 308.9 [ 85%] Building CXX object common/CMakeFiles/llama-common.dir/subproc.cpp.o
#19 308.9 [ 85%] Building CXX object common/CMakeFiles/llama-common.dir/trie.cpp.o
#19 309.1 [ 85%] Building CXX object tools/mtmd/CMakeFiles/mtmd.dir/models/youtuvl.cpp.o
#19 309.1 [ 85%] Building CXX object tools/mtmd/CMakeFiles/mtmd.dir/models/yasa2.cpp.o
#19 309.1 [ 85%] Building CXX object tools/mtmd/CMakeFiles/mtmd.dir/models/parakeet.cpp.o
#19 309.3 [ 85%] Building CXX object common/CMakeFiles/llama-common.dir/unicode.cpp.o
#19 309.4 [ 86%] Building CXX object common/CMakeFiles/llama-common.dir/jinja/lexer.cpp.o
#19 309.5 [ 86%] Building CXX object common/CMakeFiles/llama-common.dir/jinja/parser.cpp.o
#19 309.5 [ 86%] Building CXX object common/CMakeFiles/llama-common.dir/jinja/runtime.cpp.o
#19 309.5 [ 86%] Building CXX object common/CMakeFiles/llama-common.dir/jinja/value.cpp.o
#19 309.6 [ 86%] Building CXX object common/CMakeFiles/llama-common.dir/jinja/string.cpp.o
#19 309.6 [ 86%] Building CXX object common/CMakeFiles/llama-common.dir/jinja/caps.cpp.o
#19 317.3 [ 87%] Linking CXX shared library ../../bin/libmtmd.so
#19 317.4 [ 87%] Built target mtmd
#19 321.5 [ 87%] Linking CXX shared library ../bin/libllama-common.so
#19 321.7 [ 87%] Built target llama-common
#19 321.7 [ 87%] Building CXX object examples/debug/CMakeFiles/llama-debug.dir/debug.cpp.o
#19 321.7 [ 87%] Building CXX object examples/embedding/CMakeFiles/llama-embedding.dir/embedding.cpp.o
#19 321.7 [ 87%] Building CXX object examples/eval-callback/CMakeFiles/llama-eval-callback.dir/eval-callback.cpp.o
#19 321.7 [ 87%] Building CXX object examples/idle/CMakeFiles/llama-idle.dir/idle.cpp.o
#19 321.7 [ 87%] Building CXX object examples/lookup/CMakeFiles/llama-lookup-create.dir/lookup-create.cpp.o
#19 321.7 [ 87%] Building CXX object examples/lookup/CMakeFiles/llama-lookup.dir/lookup.cpp.o
#19 321.7 [ 87%] Building CXX object examples/lookup/CMakeFiles/llama-lookup-merge.dir/lookup-merge.cpp.o
#19 321.7 [ 88%] Building CXX object examples/lookup/CMakeFiles/llama-lookup-stats.dir/lookup-stats.cpp.o
#19 321.7 [ 88%] Building CXX object examples/parallel/CMakeFiles/llama-parallel.dir/parallel.cpp.o
#19 321.7 [ 89%] Building CXX object examples/lookahead/CMakeFiles/llama-lookahead.dir/lookahead.cpp.o
#19 321.7 [ 89%] Building CXX object examples/batched/CMakeFiles/llama-batched.dir/batched.cpp.o
#19 321.7 [ 89%] Building CXX object examples/retrieval/CMakeFiles/llama-retrieval.dir/retrieval.cpp.o
#19 321.7 [ 89%] Building CXX object examples/passkey/CMakeFiles/llama-passkey.dir/passkey.cpp.o
#19 321.7 [ 90%] Building CXX object examples/speculative/CMakeFiles/llama-speculative.dir/speculative.cpp.o
#19 321.7 [ 90%] Building CXX object examples/speculative-simple/CMakeFiles/llama-speculative-simple.dir/speculative-simple.cpp.o
#19 321.7 [ 90%] Building CXX object tools/batched-bench/CMakeFiles/llama-batched-bench-impl.dir/batched-bench.cpp.o
#19 321.7 [ 90%] Building CXX object tools/imatrix/CMakeFiles/llama-imatrix.dir/imatrix.cpp.o
#19 321.7 [ 90%] Building CXX object examples/training/CMakeFiles/llama-finetune.dir/finetune.cpp.o
#19 321.7 [ 91%] Building CXX object tools/llama-bench/CMakeFiles/llama-bench-impl.dir/llama-bench.cpp.o
#19 321.7 [ 91%] Building CXX object examples/gen-docs/CMakeFiles/llama-gen-docs.dir/gen-docs.cpp.o
#19 321.7 [ 91%] Building CXX object tools/perplexity/CMakeFiles/llama-perplexity-impl.dir/perplexity.cpp.o
#19 321.7 [ 92%] Building CXX object examples/diffusion/CMakeFiles/llama-diffusion.dir/diffusion.cpp.o
#19 321.7 [ 93%] Building CXX object tools/gguf-split/CMakeFiles/llama-gguf-split.dir/gguf-split.cpp.o
#19 321.7 [ 93%] Building CXX object tools/completion/CMakeFiles/llama-completion-impl.dir/completion.cpp.o
#19 321.7 [ 93%] Building CXX object tools/tts/CMakeFiles/llama-tts.dir/tts.cpp.o
#19 321.7 [ 93%] Building CXX object tools/quantize/CMakeFiles/llama-quantize-impl.dir/quantize.cpp.o
#19 321.7 [ 93%] Building CXX object tools/mtmd/CMakeFiles/llama-mtmd-cli.dir/mtmd-cli.cpp.o
#19 321.7 [ 93%] Building CXX object tools/tokenize/CMakeFiles/llama-tokenize.dir/tokenize.cpp.o
#19 321.7 [ 93%] Building CXX object tools/server/CMakeFiles/server-context.dir/server-chat.cpp.o
#19 321.7 [ 93%] Building CXX object tools/mtmd/CMakeFiles/llama-mtmd-debug.dir/debug/mtmd-debug.cpp.o
#19 322.5 [ 93%] Linking CXX executable ../../bin/llama-lookup-merge
#19 322.6 [ 93%] Built target llama-lookup-merge
#19 322.6 [ 93%] Building CXX object tools/fit-params/CMakeFiles/llama-fit-params-impl.dir/fit-params.cpp.o
#19 322.7 [ 93%] Linking CXX static library libllama-diffusion.a
#19 322.7 [ 93%] Built target llama-diffusion
#19 322.7 [ 94%] Building CXX object tools/results/CMakeFiles/llama-results.dir/results.cpp.o
#19 322.8 [ 94%] Linking CXX executable ../../bin/llama-gguf-split
#19 322.9 [ 94%] Built target llama-gguf-split
#19 322.9 [ 94%] Building CXX object tools/server/CMakeFiles/server-context.dir/server-task.cpp.o
#19 323.0 [ 94%] Linking CXX executable ../../bin/llama-lookup-create
#19 323.1 [ 95%] Linking CXX executable ../../bin/llama-eval-callback
#19 323.1 [ 95%] Linking CXX executable ../../bin/llama-tokenize
#19 323.1 [ 95%] Linking CXX executable ../../bin/llama-finetune
#19 323.1 [ 95%] Linking CXX executable ../../bin/llama-idle
#19 323.1 [ 95%] Linking CXX executable ../../bin/llama-tts
#19 323.1 [ 95%] Built target llama-lookup-create
#19 323.2 [ 95%] Built target llama-eval-callback
#19 323.2 [ 95%] Building CXX object tools/server/CMakeFiles/server-context.dir/server-queue.cpp.o
#19 323.2 [ 95%] Building CXX object examples/diffusion/CMakeFiles/llama-diffusion-cli.dir/diffusion-cli.cpp.o
#19 323.2 [ 95%] Built target llama-tokenize
#19 323.2 [ 95%] Building CXX object tools/server/CMakeFiles/server-context.dir/server-common.cpp.o
#19 323.2 [ 95%] Linking CXX executable ../../bin/llama-lookup-stats
#19 323.2 [ 95%] Built target llama-finetune
#19 323.2 [ 96%] Linking CXX executable ../../bin/llama-batched
#19 323.2 [ 96%] Building CXX object tools/server/CMakeFiles/server-context.dir/server-context.cpp.o
#19 323.2 [ 96%] Linking CXX executable ../../bin/llama-lookup
#19 323.2 [ 96%] Built target llama-idle
#19 323.2 [ 96%] Building CXX object tools/server/CMakeFiles/server-context.dir/server-stream.cpp.o
#19 323.2 [ 96%] Linking CXX shared library ../../bin/libllama-batched-bench-impl.so
#19 323.3 [ 96%] Built target llama-tts
#19 323.3 [ 96%] Building CXX object tools/server/CMakeFiles/server-context.dir/server-tools.cpp.o
#19 323.3 [ 96%] Linking CXX executable ../../bin/llama-passkey
#19 323.3 [ 96%] Linking CXX executable ../../bin/llama-speculative-simple
#19 323.3 [ 96%] Built target llama-lookup-stats
#19 323.3 [ 97%] Building CXX object tools/server/CMakeFiles/server-context.dir/server-mcp.cpp.o
#19 323.3 [ 97%] Built target llama-batched
#19 323.3 [ 97%] Building CXX object tools/server/CMakeFiles/server-context.dir/server-schema.cpp.o
#19 323.3 [ 97%] Built target llama-lookup
#19 323.4 [ 97%] Built target llama-batched-bench-impl
#19 323.4 [ 97%] Building CXX object tools/batched-bench/CMakeFiles/llama-batched-bench.dir/main.cpp.o
#19 323.4 [ 97%] Linking CXX executable ../../bin/llama-gen-docs
#19 323.4 [ 97%] Linking CXX executable ../../bin/llama-batched-bench
#19 323.4 [ 97%] Built target llama-passkey
#19 323.4 [ 97%] Built target llama-speculative-simple
#19 323.5 [ 97%] Built target llama-batched-bench
#19 323.5 [ 97%] Linking CXX executable ../../bin/llama-lookahead
#19 323.5 [ 97%] Built target llama-gen-docs
#19 323.5 [ 98%] Linking CXX executable ../../bin/llama-mtmd-debug
#19 323.5 [ 98%] Linking CXX executable ../../bin/llama-embedding
#19 323.5 [ 98%] Built target llama-lookahead
#19 323.6 [ 98%] Built target llama-mtmd-debug
#19 323.6 [ 98%] Built target llama-embedding
#19 323.6 [ 98%] Linking CXX executable ../../bin/llama-parallel
#19 323.7 [ 98%] Built target llama-parallel
#19 323.8 [ 98%] Linking CXX executable ../../bin/llama-retrieval
#19 323.9 [ 98%] Linking CXX shared library ../../bin/libllama-quantize-impl.so
#19 323.9 [ 98%] Built target llama-retrieval
#19 323.9 [ 98%] Linking CXX shared library ../../bin/libllama-fit-params-impl.so
#19 323.9 [ 98%] Built target llama-quantize-impl
#19 324.0 [ 98%] Building CXX object tools/quantize/CMakeFiles/llama-quantize.dir/main.cpp.o
#19 324.0 [ 98%] Linking CXX executable ../../bin/llama-quantize
#19 324.0 [ 98%] Built target llama-fit-params-impl
#19 324.0 [ 98%] Building CXX object tools/fit-params/CMakeFiles/llama-fit-params.dir/main.cpp.o
#19 324.1 [ 98%] Built target llama-quantize
#19 324.1 [ 98%] Linking CXX executable ../../bin/llama-fit-params
#19 324.1 [ 98%] Built target llama-fit-params
#19 324.3 [ 98%] Linking CXX executable ../../bin/llama-results
#19 324.3 [ 98%] Linking CXX executable ../../bin/llama-speculative
#19 324.3 [ 98%] Built target llama-results
#19 324.4 [ 98%] Built target llama-speculative
#19 325.0 [ 98%] Linking CXX executable ../../bin/llama-mtmd-cli
#19 325.1 [ 98%] Built target llama-mtmd-cli
#19 325.6 [ 98%] Linking CXX executable ../../bin/llama-diffusion-cli
#19 325.6 [ 98%] Linking CXX shared library ../../bin/libllama-completion-impl.so
#19 325.7 [ 98%] Built target llama-diffusion-cli
#19 325.7 [ 98%] Built target llama-completion-impl
#19 325.7 [ 98%] Building CXX object tools/completion/CMakeFiles/llama-completion.dir/main.cpp.o
#19 325.8 [ 98%] Linking CXX executable ../../bin/llama-completion
#19 325.8 [ 98%] Built target llama-completion
#19 326.2 [ 99%] Linking CXX shared library ../../bin/libllama-perplexity-impl.so
#19 326.3 [ 99%] Built target llama-perplexity-impl
#19 326.3 [ 99%] Building CXX object tools/perplexity/CMakeFiles/llama-perplexity.dir/main.cpp.o
#19 326.3 [ 99%] Linking CXX executable ../../bin/llama-perplexity
#19 326.3 [ 99%] Linking CXX executable ../../bin/llama-debug
#19 326.4 [ 99%] Built target llama-perplexity
#19 326.4 [ 99%] Built target llama-debug
#19 329.0 [ 99%] Linking CXX executable ../../bin/llama-imatrix
#19 329.1 [ 99%] Built target llama-imatrix
#19 332.1 [ 99%] Linking CXX shared library ../../bin/libllama-bench-impl.so
#19 332.2 [ 99%] Built target llama-bench-impl
#19 332.2 [ 99%] Building CXX object tools/llama-bench/CMakeFiles/llama-bench.dir/main.cpp.o
#19 332.2 [ 99%] Linking CXX executable ../../bin/llama-bench
#19 332.3 [ 99%] Built target llama-bench
#19 336.6 [ 99%] Linking CXX static library libserver-context.a
#19 336.6 [ 99%] Built target server-context
#19 336.6 [ 99%] Building CXX object tools/server/CMakeFiles/llama-server-impl.dir/server.cpp.o
#19 336.6 [ 99%] Building CXX object tools/server/CMakeFiles/llama-server-impl.dir/server-http.cpp.o
#19 336.6 [100%] Building CXX object tools/server/CMakeFiles/llama-server-impl.dir/server-models.cpp.o
#19 346.4 [100%] Linking CXX shared library ../../bin/libllama-server-impl.so
#19 346.6 [100%] Built target llama-server-impl
#19 346.6 [100%] Building CXX object tools/server/CMakeFiles/llama-server.dir/main.cpp.o
#19 346.6 [100%] Building CXX object tools/cli/CMakeFiles/llama-cli-impl.dir/cli.cpp.o
#19 346.6 [100%] Building CXX object tools/cli/CMakeFiles/llama-cli-impl.dir/cli-client.cpp.o
#19 346.6 [100%] Building CXX object tools/cli/CMakeFiles/llama-cli-impl.dir/cli-context.cpp.o
#19 346.6 [100%] Linking CXX executable ../../bin/llama-server
#19 346.7 [100%] Built target llama-server
#19 350.9 [100%] Linking CXX shared library ../../bin/libllama-cli-impl.so
#19 351.0 [100%] Built target llama-cli-impl
#19 351.0 [100%] Building CXX object app/CMakeFiles/llama-app.dir/llama.cpp.o
#19 351.0 [100%] Building CXX object app/CMakeFiles/llama-app.dir/download.cpp.o
#19 351.0 [100%] Building CXX object app/CMakeFiles/llama-app.dir/__/license.cpp.o
#19 351.0 [100%] Building CXX object tools/cli/CMakeFiles/llama-cli.dir/main.cpp.o
#19 351.1 [100%] Linking CXX executable ../../bin/llama-cli
#19 351.2 [100%] Built target llama-cli
#19 352.4 [100%] Linking CXX executable ../bin/llama
#19 352.5 [100%] Built target llama-app
#19 DONE 352.5s

#20 [build 7/8] RUN mkdir -p /app/lib &&     find build -name "*.so*" -exec cp -P {} /app/lib ;
#20 DONE 0.3s

#21 [build 8/8] RUN mkdir -p /app/full     && cp build/bin/* /app/full     && cp *.py /app/full     && cp -r conversion /app/full     && cp -r gguf-py /app/full     && cp -r requirements /app/full     && cp requirements.txt /app/full     && cp .devops/tools.sh /app/full/tools.sh
#21 DONE 0.3s

#22 [base 2/3] RUN apt-get update     && apt-get install -y libgomp1 curl ffmpeg     && apt autoremove -y     && apt clean -y     && rm -rf /tmp/* /var/tmp/*     && find /var/cache/apt/archives /var/lib/apt/lists -not -name lock -type f -delete     && find /var/cache -type f -delete
#22 CACHED

#23 [base 3/3] COPY --from=build /app/lib/ /app
#23 DONE 0.1s

#24 [server 1/2] COPY --from=build /app/full/llama /app/full/llama-server /app
#24 DONE 0.0s

#25 [server 2/2] WORKDIR /app
#25 DONE 0.0s

#26 exporting to image
#26 exporting layers
#26 exporting layers 0.2s done
#26 writing image sha256:ee0bc45f298e9583313d26f08cca7fbb3b7db67975a84f0826bffb5e2bffe20d done
#26 naming to docker.io/local/llamampere:v0.4-hybrid-diag-20260930-104945 done
#26 DONE 0.2s
